{
  "nodes": {
    "105": {
      "name": "node_ld23",
      "x_coord": 8973.8624,
      "min_pressure": 3.5e6,
      "id": 105,
      "max_pressure": 6.640000000000001e6,
      "elevation": 0.0,
      "y_coord": 15545.6324
    },
    "109": {
      "name": "node_ld27",
      "x_coord": 9186.784,
      "min_pressure": 2.5e6,
      "id": 109,
      "max_pressure": 6.640000000000001e6,
      "elevation": 0.0,
      "y_coord": 15292.1664
    },
    "1": {
      "name": "node_1",
      "x_coord": 10524.5596,
      "min_pressure": 5.0e6,
      "id": 1,
      "max_pressure": 6.640000000000001e6,
      "elevation": 0.0,
      "y_coord": 16380.294
    },
    "54": {
      "name": "node_58",
      "x_coord": 9331.5008,
      "min_pressure": 2.55e6,
      "id": 54,
      "max_pressure": 6.640000000000001e6,
      "elevation": 0.0,
      "y_coord": 15311.712
    },
    "81": {
      "name": "node_82",
      "x_coord": 9228.546,
      "min_pressure": 3.5e6,
      "id": 81,
      "max_pressure": 6.640000000000001e6,
      "elevation": 0.0,
      "y_coord": 15168.57
    },
    "101": {
      "name": "node_ld2",
      "x_coord": 10169.1792,
      "min_pressure": 4.0e6,
      "id": 101,
      "max_pressure": 5.5e6,
      "elevation": 0.0,
      "y_coord": 16432.8496
    },
    "32": {
      "name": "node_38",
      "x_coord": 8965.8124,
      "min_pressure": 4.54e6,
      "id": 32,
      "max_pressure": 6.640000000000001e6,
      "elevation": 0.0,
      "y_coord": 15854.721599999999
    },
    "2": {
      "name": "node_10",
      "x_coord": 9916.7904,
      "min_pressure": 3.5e6,
      "id": 2,
      "max_pressure": 6.640000000000001e6,
      "elevation": 0.0,
      "y_coord": 16434.4656
    },
    "132": {
      "name": "node_ld7",
      "x_coord": 9618.8028,
      "min_pressure": 3.5e6,
      "id": 132,
      "max_pressure": 6.640000000000001e6,
      "elevation": 0.0,
      "y_coord": 16412.163200000003
    },
    "29": {
      "name": "node_35",
      "x_coord": 9049.301599999999,
      "min_pressure": 3.5e6,
      "id": 29,
      "max_pressure": 6.640000000000001e6,
      "elevation": 0.0,
      "y_coord": 15996.0048
    },
    "78": {
      "name": "node_8",
      "x_coord": 10026.80004,
      "min_pressure": 3.5e6,
      "id": 78,
      "max_pressure": 6.640000000000001e6,
      "elevation": 0.0,
      "y_coord": 16447.1492
    },
    "41": {
      "name": "node_46",
      "x_coord": 9077.216,
      "min_pressure": 3.5e6,
      "id": 41,
      "max_pressure": 6.640000000000001e6,
      "elevation": 0.0,
      "y_coord": 15733.208400000001
    },
    "74": {
      "name": "node_76",
      "x_coord": 9447.260400000001,
      "min_pressure": 2.68e6,
      "id": 74,
      "max_pressure": 6.640000000000001e6,
      "elevation": 0.0,
      "y_coord": 15184.441200000001
    },
    "65": {
      "name": "node_68",
      "x_coord": 9549.1736,
      "min_pressure": 2.76e6,
      "id": 65,
      "max_pressure": 3.7700000000000005e6,
      "elevation": 0.0,
      "y_coord": 15220.0288
    },
    "53": {
      "name": "node_57",
      "x_coord": 9308.0928,
      "min_pressure": 3.5e6,
      "id": 53,
      "max_pressure": 6.640000000000001e6,
      "elevation": 0.0,
      "y_coord": 15321.2072
    },
    "51": {
      "name": "node_55",
      "x_coord": 9271.7376,
      "min_pressure": 3.5e6,
      "id": 51,
      "max_pressure": 6.640000000000001e6,
      "elevation": 0.0,
      "y_coord": 15327.198000000002
    },
    "106": {
      "name": "node_ld24",
      "x_coord": 9062.478799999999,
      "min_pressure": 3.5e6,
      "id": 106,
      "max_pressure": 6.640000000000001e6,
      "elevation": 0.0,
      "y_coord": 15367.450400000002
    },
    "119": {
      "name": "node_ld36",
      "x_coord": 9439.245200000001,
      "min_pressure": 2.68e6,
      "id": 119,
      "max_pressure": 6.640000000000001e6,
      "elevation": 0.0,
      "y_coord": 15180.4644
    },
    "27": {
      "name": "node_33",
      "x_coord": 9001.6016,
      "min_pressure": 3.5e6,
      "id": 27,
      "max_pressure": 6.640000000000001e6,
      "elevation": 0.0,
      "y_coord": 16111.9844
    },
    "75": {
      "name": "node_77",
      "x_coord": 9440.2896,
      "min_pressure": 3.0e6,
      "id": 75,
      "max_pressure": 6.640000000000001e6,
      "elevation": 0.0,
      "y_coord": 15212.7428
    },
    "42": {
      "name": "node_47",
      "x_coord": 9177.3628,
      "min_pressure": 4.54e6,
      "id": 42,
      "max_pressure": 6.640000000000001e6,
      "elevation": 0.0,
      "y_coord": 15744.5784
    },
    "33": {
      "name": "node_39",
      "x_coord": 8965.8124,
      "min_pressure": 4.54e6,
      "id": 33,
      "max_pressure": 6.640000000000001e6,
      "elevation": 0.0,
      "y_coord": 15854.721599999999
    },
    "28": {
      "name": "node_34",
      "x_coord": 9000.8412,
      "min_pressure": 3.5e6,
      "id": 28,
      "max_pressure": 6.640000000000001e6,
      "elevation": 0.0,
      "y_coord": 16040.934799999999
    },
    "50": {
      "name": "node_54",
      "x_coord": 9149.3924,
      "min_pressure": 3.5e6,
      "id": 50,
      "max_pressure": 6.640000000000001e6,
      "elevation": 0.0,
      "y_coord": 15374.908
    },
    "52": {
      "name": "node_56",
      "x_coord": 9186.784,
      "min_pressure": 2.5e6,
      "id": 52,
      "max_pressure": 6.640000000000001e6,
      "elevation": 0.0,
      "y_coord": 15304.1664
    },
    "111": {
      "name": "node_ld29",
      "x_coord": 9331.5008,
      "min_pressure": 3.05e6,
      "id": 111,
      "max_pressure": 6.640000000000001e6,
      "elevation": 0.0,
      "y_coord": 15299.712
    },
    "63": {
      "name": "node_66",
      "x_coord": 9495.9884,
      "min_pressure": 2.76e6,
      "id": 63,
      "max_pressure": 3.7700000000000005e6,
      "elevation": 0.0,
      "y_coord": 15233.8136
    },
    "121": {
      "name": "node_ld38",
      "x_coord": 9481.774,
      "min_pressure": 3.21e6,
      "id": 121,
      "max_pressure": 6.640000000000001e6,
      "elevation": 0.0,
      "y_coord": 15244.794000000002
    },
    "115": {
      "name": "node_ld32",
      "x_coord": 9228.546,
      "min_pressure": 3.5e6,
      "id": 115,
      "max_pressure": 6.640000000000001e6,
      "elevation": 0.0,
      "y_coord": 15180.57
    },
    "92": {
      "name": "node_ld11",
      "x_coord": 9153.6236,
      "min_pressure": 3.9e6,
      "id": 92,
      "max_pressure": 5.5e6,
      "elevation": 0.0,
      "y_coord": 16261.4084
    },
    "88": {
      "name": "node_89",
      "x_coord": 8843.1432,
      "min_pressure": 2.5e6,
      "id": 88,
      "max_pressure": 6.640000000000001e6,
      "elevation": 0.0,
      "y_coord": 14967.338000000002
    },
    "93": {
      "name": "node_ld12",
      "x_coord": 9153.8636,
      "min_pressure": 3.9e6,
      "id": 93,
      "max_pressure": 5.5e6,
      "elevation": 0.0,
      "y_coord": 16262.962
    },
    "26": {
      "name": "node_32",
      "x_coord": 9030.4652,
      "min_pressure": 3.5e6,
      "id": 26,
      "max_pressure": 6.640000000000001e6,
      "elevation": 0.0,
      "y_coord": 16175.4928
    },
    "10": {
      "name": "node_18",
      "x_coord": 9384.5256,
      "min_pressure": 3.5e6,
      "id": 10,
      "max_pressure": 6.640000000000001e6,
      "elevation": 0.0,
      "y_coord": 16428.096400000002
    },
    "120": {
      "name": "node_ld37",
      "x_coord": 9481.774,
      "min_pressure": 3.21e6,
      "id": 120,
      "max_pressure": 6.640000000000001e6,
      "elevation": 0.0,
      "y_coord": 15220.794000000002
    },
    "77": {
      "name": "node_79",
      "x_coord": 9336.6832,
      "min_pressure": 3.84e6,
      "id": 77,
      "max_pressure": 6.640000000000001e6,
      "elevation": 0.0,
      "y_coord": 15197.4828
    },
    "24": {
      "name": "node_30",
      "x_coord": 9023.036,
      "min_pressure": 3.5e6,
      "id": 24,
      "max_pressure": 6.640000000000001e6,
      "elevation": 0.0,
      "y_coord": 16239.5728
    },
    "87": {
      "name": "node_88",
      "x_coord": 8854.7672,
      "min_pressure": 2.5e6,
      "id": 87,
      "max_pressure": 6.640000000000001e6,
      "elevation": 0.0,
      "y_coord": 14960.383600000001
    },
    "117": {
      "name": "node_ld34",
      "x_coord": 9440.2896,
      "min_pressure": 3.0e6,
      "id": 117,
      "max_pressure": 6.640000000000001e6,
      "elevation": 0.0,
      "y_coord": 15200.7428
    },
    "58": {
      "name": "node_61",
      "x_coord": 9457.7876,
      "min_pressure": 3.6299999999999995e6,
      "id": 58,
      "max_pressure": 6.640000000000001e6,
      "elevation": 0.0,
      "y_coord": 15322.9452
    },
    "25": {
      "name": "node_31",
      "x_coord": 9014.578,
      "min_pressure": 4.38e6,
      "id": 25,
      "max_pressure": 6.640000000000001e6,
      "elevation": 0.0,
      "y_coord": 16256.9628
    },
    "114": {
      "name": "node_ld31",
      "x_coord": 9228.546,
      "min_pressure": 3.5e6,
      "id": 114,
      "max_pressure": 6.640000000000001e6,
      "elevation": 0.0,
      "y_coord": 15156.57
    },
    "23": {
      "name": "node_3",
      "x_coord": 10396.223600000001,
      "min_pressure": 3.5e6,
      "id": 23,
      "max_pressure": 6.640000000000001e6,
      "elevation": 0.0,
      "y_coord": 16348.4004
    },
    "49": {
      "name": "node_53",
      "x_coord": 9062.478799999999,
      "min_pressure": 3.5e6,
      "id": 49,
      "max_pressure": 6.640000000000001e6,
      "elevation": 0.0,
      "y_coord": 15355.450400000002
    },
    "59": {
      "name": "node_62",
      "x_coord": 9417.9692,
      "min_pressure": 3.5e6,
      "id": 59,
      "max_pressure": 6.640000000000001e6,
      "elevation": 0.0,
      "y_coord": 15271.3116
    },
    "89": {
      "name": "node_9",
      "x_coord": 9959.088,
      "min_pressure": 3.5e6,
      "id": 89,
      "max_pressure": 6.640000000000001e6,
      "elevation": 0.0,
      "y_coord": 16448.2084
    },
    "5": {
      "name": "node_13",
      "x_coord": 9803.7852,
      "min_pressure": 3.3200000000000005e6,
      "id": 5,
      "max_pressure": 5.5e6,
      "elevation": 0.0,
      "y_coord": 16384.9468
    },
    "31": {
      "name": "node_37",
      "x_coord": 8983.6668,
      "min_pressure": 3.5e6,
      "id": 31,
      "max_pressure": 6.640000000000001e6,
      "elevation": 0.0,
      "y_coord": 15873.598000000002
    },
    "62": {
      "name": "node_65",
      "x_coord": 9481.774,
      "min_pressure": 3.21e6,
      "id": 62,
      "max_pressure": 6.640000000000001e6,
      "elevation": 0.0,
      "y_coord": 15232.794000000002
    },
    "43": {
      "name": "node_48",
      "x_coord": 8964.322400000001,
      "min_pressure": 3.5e6,
      "id": 43,
      "max_pressure": 6.640000000000001e6,
      "elevation": 0.0,
      "y_coord": 15639.8764
    },
    "122": {
      "name": "node_ld39",
      "x_coord": 9553.7048,
      "min_pressure": 2.76e6,
      "id": 122,
      "max_pressure": 3.7700000000000005e6,
      "elevation": 0.0,
      "y_coord": 15189.590400000001
    },
    "90": {
      "name": "node_ld1",
      "x_coord": 10352.158,
      "min_pressure": 3.5e6,
      "id": 90,
      "max_pressure": 6.640000000000001e6,
      "elevation": 0.0,
      "y_coord": 16325.92
    },
    "39": {
      "name": "node_44",
      "x_coord": 8760.59,
      "min_pressure": 3.5e6,
      "id": 39,
      "max_pressure": 6.640000000000001e6,
      "elevation": 0.0,
      "y_coord": 15760.703599999999
    },
    "112": {
      "name": "node_ld3",
      "x_coord": 10169.1792,
      "min_pressure": 4.0e6,
      "id": 112,
      "max_pressure": 5.5e6,
      "elevation": 0.0,
      "y_coord": 16456.8496
    },
    "34": {
      "name": "node_4",
      "x_coord": 10352.158,
      "min_pressure": 3.5e6,
      "id": 34,
      "max_pressure": 6.640000000000001e6,
      "elevation": 0.0,
      "y_coord": 16337.92
    },
    "44": {
      "name": "node_49",
      "x_coord": 8973.8624,
      "min_pressure": 3.5e6,
      "id": 44,
      "max_pressure": 6.640000000000001e6,
      "elevation": 0.0,
      "y_coord": 15557.6324
    },
    "129": {
      "name": "node_ld45",
      "x_coord": 8843.1432,
      "min_pressure": 2.5e6,
      "id": 129,
      "max_pressure": 6.640000000000001e6,
      "elevation": 0.0,
      "y_coord": 14955.338000000002
    },
    "94": {
      "name": "node_ld13",
      "x_coord": 9176.212800000001,
      "min_pressure": 3.9e6,
      "id": 94,
      "max_pressure": 5.5e6,
      "elevation": 0.0,
      "y_coord": 16242.930400000001
    },
    "55": {
      "name": "node_59",
      "x_coord": 9331.5008,
      "min_pressure": 3.05e6,
      "id": 55,
      "max_pressure": 6.640000000000001e6,
      "elevation": 0.0,
      "y_coord": 15311.712
    },
    "86": {
      "name": "node_87",
      "x_coord": 8949.152,
      "min_pressure": 2.5e6,
      "id": 86,
      "max_pressure": 6.640000000000001e6,
      "elevation": 0.0,
      "y_coord": 15003.707600000002
    },
    "126": {
      "name": "node_ld42",
      "x_coord": 9622.642,
      "min_pressure": 2.65e6,
      "id": 126,
      "max_pressure": 3.75e6,
      "elevation": 0.0,
      "y_coord": 15073.6104
    },
    "17": {
      "name": "node_24",
      "x_coord": 9210.267600000001,
      "min_pressure": 3.4200000000000005e6,
      "id": 17,
      "max_pressure": 5.5e6,
      "elevation": 0.0,
      "y_coord": 16256.638
    },
    "99": {
      "name": "node_ld18",
      "x_coord": 8965.8124,
      "min_pressure": 4.54e6,
      "id": 99,
      "max_pressure": 6.640000000000001e6,
      "elevation": 0.0,
      "y_coord": 15842.721599999999
    },
    "71": {
      "name": "node_73",
      "x_coord": 9428.56,
      "min_pressure": 3.65e6,
      "id": 71,
      "max_pressure": 6.640000000000001e6,
      "elevation": 0.0,
      "y_coord": 15226.118
    },
    "37": {
      "name": "node_42",
      "x_coord": 8955.1976,
      "min_pressure": 3.5e6,
      "id": 37,
      "max_pressure": 6.640000000000001e6,
      "elevation": 0.0,
      "y_coord": 15718.710799999999
    },
    "47": {
      "name": "node_51",
      "x_coord": 9068.5232,
      "min_pressure": 3.5e6,
      "id": 47,
      "max_pressure": 6.640000000000001e6,
      "elevation": 0.0,
      "y_coord": 15464.5932
    },
    "9": {
      "name": "node_17",
      "x_coord": 9510.2604,
      "min_pressure": 3.5e6,
      "id": 9,
      "max_pressure": 6.640000000000001e6,
      "elevation": 0.0,
      "y_coord": 16409.8988
    },
    "73": {
      "name": "node_75",
      "x_coord": 9439.245200000001,
      "min_pressure": 2.68e6,
      "id": 73,
      "max_pressure": 6.640000000000001e6,
      "elevation": 0.0,
      "y_coord": 15192.4644
    },
    "82": {
      "name": "node_83",
      "x_coord": 9172.845599999999,
      "min_pressure": 2.5e6,
      "id": 82,
      "max_pressure": 6.640000000000001e6,
      "elevation": 0.0,
      "y_coord": 15175.0272
    },
    "12": {
      "name": "node_2",
      "x_coord": 10468.254799999999,
      "min_pressure": 3.5e6,
      "id": 12,
      "max_pressure": 6.640000000000001e6,
      "elevation": 0.0,
      "y_coord": 16355.804800000002
    },
    "79": {
      "name": "node_80",
      "x_coord": 9358.1332,
      "min_pressure": 3.84e6,
      "id": 79,
      "max_pressure": 6.640000000000001e6,
      "elevation": 0.0,
      "y_coord": 15190.4832
    },
    "20": {
      "name": "node_27",
      "x_coord": 9153.8636,
      "min_pressure": 3.9e6,
      "id": 20,
      "max_pressure": 5.5e6,
      "elevation": 0.0,
      "y_coord": 16274.962
    },
    "6": {
      "name": "node_14",
      "x_coord": 9764.4708,
      "min_pressure": 3.5e6,
      "id": 6,
      "max_pressure": 6.640000000000001e6,
      "elevation": 0.0,
      "y_coord": 16374.39
    },
    "84": {
      "name": "node_85",
      "x_coord": 9091.222399999999,
      "min_pressure": 2.5e6,
      "id": 84,
      "max_pressure": 6.640000000000001e6,
      "elevation": 0.0,
      "y_coord": 15054.039599999998
    },
    "80": {
      "name": "node_81",
      "x_coord": 9256.991600000001,
      "min_pressure": 3.5e6,
      "id": 80,
      "max_pressure": 6.640000000000001e6,
      "elevation": 0.0,
      "y_coord": 15171.387999999999
    },
    "104": {
      "name": "node_ld22",
      "x_coord": 9177.3628,
      "min_pressure": 4.54e6,
      "id": 104,
      "max_pressure": 6.640000000000001e6,
      "elevation": 0.0,
      "y_coord": 15732.5784
    },
    "125": {
      "name": "node_ld41",
      "x_coord": 9573.0584,
      "min_pressure": 2.65e6,
      "id": 125,
      "max_pressure": 3.76e6,
      "elevation": 0.0,
      "y_coord": 15141.901600000001
    },
    "124": {
      "name": "node_ld40",
      "x_coord": 9553.7048,
      "min_pressure": 2.76e6,
      "id": 124,
      "max_pressure": 3.7700000000000005e6,
      "elevation": 0.0,
      "y_coord": 15213.590400000001
    },
    "98": {
      "name": "node_ld17",
      "x_coord": 8965.8124,
      "min_pressure": 4.54e6,
      "id": 98,
      "max_pressure": 6.640000000000001e6,
      "elevation": 0.0,
      "y_coord": 15842.721599999999
    },
    "113": {
      "name": "node_ld30",
      "x_coord": 9457.7876,
      "min_pressure": 3.6299999999999995e6,
      "id": 113,
      "max_pressure": 6.640000000000001e6,
      "elevation": 0.0,
      "y_coord": 15310.9452
    },
    "110": {
      "name": "node_ld28",
      "x_coord": 9331.5008,
      "min_pressure": 2.55e6,
      "id": 110,
      "max_pressure": 6.640000000000001e6,
      "elevation": 0.0,
      "y_coord": 15299.712
    },
    "70": {
      "name": "node_72",
      "x_coord": 9622.642,
      "min_pressure": 2.65e6,
      "id": 70,
      "max_pressure": 3.75e6,
      "elevation": 0.0,
      "y_coord": 15085.6104
    },
    "14": {
      "name": "node_21",
      "x_coord": 9282.5644,
      "min_pressure": 3.5e6,
      "id": 14,
      "max_pressure": 6.640000000000001e6,
      "elevation": 0.0,
      "y_coord": 16384.898400000002
    },
    "127": {
      "name": "node_ld43",
      "x_coord": 9616.336,
      "min_pressure": 3.05e6,
      "id": 127,
      "max_pressure": 6.640000000000001e6,
      "elevation": 0.0,
      "y_coord": 15351.386
    },
    "7": {
      "name": "node_15",
      "x_coord": 9670.376400000001,
      "min_pressure": 3.5e6,
      "id": 7,
      "max_pressure": 6.640000000000001e6,
      "elevation": 0.0,
      "y_coord": 16377.1988
    },
    "123": {
      "name": "node_ld4",
      "x_coord": 9959.088,
      "min_pressure": 3.5e6,
      "id": 123,
      "max_pressure": 6.640000000000001e6,
      "elevation": 0.0,
      "y_coord": 16436.2084
    },
    "96": {
      "name": "node_ld15",
      "x_coord": 9001.6016,
      "min_pressure": 3.5e6,
      "id": 96,
      "max_pressure": 6.640000000000001e6,
      "elevation": 0.0,
      "y_coord": 16099.9844
    },
    "57": {
      "name": "node_60",
      "x_coord": 9399.751999999999,
      "min_pressure": 3.6299999999999995e6,
      "id": 57,
      "max_pressure": 6.640000000000001e6,
      "elevation": 0.0,
      "y_coord": 15319.654
    },
    "8": {
      "name": "node_16",
      "x_coord": 9618.8028,
      "min_pressure": 3.5e6,
      "id": 8,
      "max_pressure": 6.640000000000001e6,
      "elevation": 0.0,
      "y_coord": 16424.163200000003
    },
    "64": {
      "name": "node_67",
      "x_coord": 9548.3612,
      "min_pressure": 2.76e6,
      "id": 64,
      "max_pressure": 3.7700000000000005e6,
      "elevation": 0.0,
      "y_coord": 15250.722
    },
    "19": {
      "name": "node_26",
      "x_coord": 9153.6236,
      "min_pressure": 3.9e6,
      "id": 19,
      "max_pressure": 5.5e6,
      "elevation": 0.0,
      "y_coord": 16273.4084
    },
    "91": {
      "name": "node_ld10",
      "x_coord": 9210.267600000001,
      "min_pressure": 3.4200000000000005e6,
      "id": 91,
      "max_pressure": 5.5e6,
      "elevation": 0.0,
      "y_coord": 16244.638
    },
    "107": {
      "name": "node_ld25",
      "x_coord": 9062.478799999999,
      "min_pressure": 3.5e6,
      "id": 107,
      "max_pressure": 6.640000000000001e6,
      "elevation": 0.0,
      "y_coord": 15343.450400000002
    },
    "102": {
      "name": "node_ld20",
      "x_coord": 8707.7128,
      "min_pressure": 3.5e6,
      "id": 102,
      "max_pressure": 6.640000000000001e6,
      "elevation": 0.0,
      "y_coord": 15809.9004
    },
    "69": {
      "name": "node_71",
      "x_coord": 9590.6604,
      "min_pressure": 2.65e6,
      "id": 69,
      "max_pressure": 3.76e6,
      "elevation": 0.0,
      "y_coord": 15122.152399999999
    },
    "60": {
      "name": "node_63",
      "x_coord": 9616.336,
      "min_pressure": 3.05e6,
      "id": 60,
      "max_pressure": 6.640000000000001e6,
      "elevation": 0.0,
      "y_coord": 15363.386
    },
    "97": {
      "name": "node_ld16",
      "x_coord": 8983.6668,
      "min_pressure": 3.5e6,
      "id": 97,
      "max_pressure": 6.640000000000001e6,
      "elevation": 0.0,
      "y_coord": 15861.598000000002
    },
    "4": {
      "name": "node_12",
      "x_coord": 9803.7852,
      "min_pressure": 3.5e6,
      "id": 4,
      "max_pressure": 6.640000000000001e6,
      "elevation": 0.0,
      "y_coord": 16384.9468
    },
    "130": {
      "name": "node_ld5",
      "x_coord": 9845.9836,
      "min_pressure": 3.5e6,
      "id": 130,
      "max_pressure": 6.640000000000001e6,
      "elevation": 0.0,
      "y_coord": 16382.513200000001
    },
    "22": {
      "name": "node_29",
      "x_coord": 9105.646,
      "min_pressure": 3.5e6,
      "id": 22,
      "max_pressure": 6.640000000000001e6,
      "elevation": 0.0,
      "y_coord": 16300.588
    },
    "11": {
      "name": "node_19",
      "x_coord": 9321.8276,
      "min_pressure": 3.5e6,
      "id": 11,
      "max_pressure": 6.640000000000001e6,
      "elevation": 0.0,
      "y_coord": 16456.680800000002
    },
    "35": {
      "name": "node_40",
      "x_coord": 8979.2572,
      "min_pressure": 4.54e6,
      "id": 35,
      "max_pressure": 6.640000000000001e6,
      "elevation": 0.0,
      "y_coord": 15786.292
    },
    "13": {
      "name": "node_20",
      "x_coord": 9349.2544,
      "min_pressure": 4.775e6,
      "id": 13,
      "max_pressure": 5.5e6,
      "elevation": 0.0,
      "y_coord": 16553.4556
    },
    "134": {
      "name": "node_ld9",
      "x_coord": 9182.6052,
      "min_pressure": 3.5e6,
      "id": 134,
      "max_pressure": 6.640000000000001e6,
      "elevation": 0.0,
      "y_coord": 16300.9844
    },
    "133": {
      "name": "node_ld8",
      "x_coord": 9384.5256,
      "min_pressure": 3.5e6,
      "id": 133,
      "max_pressure": 6.640000000000001e6,
      "elevation": 0.0,
      "y_coord": 16416.096400000002
    },
    "131": {
      "name": "node_ld6",
      "x_coord": 9803.7852,
      "min_pressure": 3.3200000000000005e6,
      "id": 131,
      "max_pressure": 5.5e6,
      "elevation": 0.0,
      "y_coord": 16372.946800000002
    },
    "15": {
      "name": "node_22",
      "x_coord": 9182.6052,
      "min_pressure": 3.5e6,
      "id": 15,
      "max_pressure": 6.640000000000001e6,
      "elevation": 0.0,
      "y_coord": 16312.9844
    },
    "61": {
      "name": "node_64",
      "x_coord": 9408.9092,
      "min_pressure": 3.65e6,
      "id": 61,
      "max_pressure": 6.640000000000001e6,
      "elevation": 0.0,
      "y_coord": 15231.6856
    },
    "67": {
      "name": "node_7",
      "x_coord": 10164.683599999998,
      "min_pressure": 3.5e6,
      "id": 67,
      "max_pressure": 6.640000000000001e6,
      "elevation": 0.0,
      "y_coord": 16435.6876
    },
    "108": {
      "name": "node_ld26",
      "x_coord": 9074.478799999999,
      "min_pressure": 3.5e6,
      "id": 108,
      "max_pressure": 6.640000000000001e6,
      "elevation": 0.0,
      "y_coord": 15355.450400000002
    },
    "118": {
      "name": "node_ld35",
      "x_coord": 9447.260400000001,
      "min_pressure": 2.68e6,
      "id": 118,
      "max_pressure": 6.640000000000001e6,
      "elevation": 0.0,
      "y_coord": 15172.441200000001
    },
    "100": {
      "name": "node_ld19",
      "x_coord": 8760.59,
      "min_pressure": 3.5e6,
      "id": 100,
      "max_pressure": 6.640000000000001e6,
      "elevation": 0.0,
      "y_coord": 15748.703599999999
    },
    "16": {
      "name": "node_23",
      "x_coord": 9202.44,
      "min_pressure": 3.4200000000000005e6,
      "id": 16,
      "max_pressure": 5.5e6,
      "elevation": 0.0,
      "y_coord": 16277.218400000002
    },
    "40": {
      "name": "node_45",
      "x_coord": 8707.7128,
      "min_pressure": 3.5e6,
      "id": 40,
      "max_pressure": 6.640000000000001e6,
      "elevation": 0.0,
      "y_coord": 15821.9004
    },
    "21": {
      "name": "node_28",
      "x_coord": 9176.212800000001,
      "min_pressure": 3.9e6,
      "id": 21,
      "max_pressure": 5.5e6,
      "elevation": 0.0,
      "y_coord": 16254.930400000001
    },
    "46": {
      "name": "node_50",
      "x_coord": 8984.8576,
      "min_pressure": 3.5e6,
      "id": 46,
      "max_pressure": 6.640000000000001e6,
      "elevation": 0.0,
      "y_coord": 15490.5
    },
    "38": {
      "name": "node_43",
      "x_coord": 8805.4684,
      "min_pressure": 3.5e6,
      "id": 38,
      "max_pressure": 6.640000000000001e6,
      "elevation": 0.0,
      "y_coord": 15760.5108
    },
    "72": {
      "name": "node_74",
      "x_coord": 9445.6564,
      "min_pressure": 3.0e6,
      "id": 72,
      "max_pressure": 6.640000000000001e6,
      "elevation": 0.0,
      "y_coord": 15214.7012
    },
    "83": {
      "name": "node_84",
      "x_coord": 9088.2784,
      "min_pressure": 2.5e6,
      "id": 83,
      "max_pressure": 6.640000000000001e6,
      "elevation": 0.0,
      "y_coord": 15113.0044
    },
    "45": {
      "name": "node_5",
      "x_coord": 10268.890000000001,
      "min_pressure": 3.5e6,
      "id": 45,
      "max_pressure": 6.640000000000001e6,
      "elevation": 0.0,
      "y_coord": 16390.381999999998
    },
    "68": {
      "name": "node_70",
      "x_coord": 9573.0584,
      "min_pressure": 2.65e6,
      "id": 68,
      "max_pressure": 3.76e6,
      "elevation": 0.0,
      "y_coord": 15153.901600000001
    },
    "56": {
      "name": "node_6",
      "x_coord": 10169.1792,
      "min_pressure": 4.0e6,
      "id": 56,
      "max_pressure": 5.5e6,
      "elevation": 0.0,
      "y_coord": 16444.8496
    },
    "116": {
      "name": "node_ld33",
      "x_coord": 9428.56,
      "min_pressure": 3.65e6,
      "id": 116,
      "max_pressure": 6.640000000000001e6,
      "elevation": 0.0,
      "y_coord": 15214.118
    },
    "128": {
      "name": "node_ld44",
      "x_coord": 9256.991600000001,
      "min_pressure": 3.5e6,
      "id": 128,
      "max_pressure": 6.640000000000001e6,
      "elevation": 0.0,
      "y_coord": 15159.387999999999
    },
    "36": {
      "name": "node_41",
      "x_coord": 8998.3292,
      "min_pressure": 4.54e6,
      "id": 36,
      "max_pressure": 6.640000000000001e6,
      "elevation": 0.0,
      "y_coord": 15723.98
    },
    "66": {
      "name": "node_69",
      "x_coord": 9553.7048,
      "min_pressure": 2.76e6,
      "id": 66,
      "max_pressure": 3.7700000000000005e6,
      "elevation": 0.0,
      "y_coord": 15201.590400000001
    },
    "76": {
      "name": "node_78",
      "x_coord": 9400.246,
      "min_pressure": 3.65e6,
      "id": 76,
      "max_pressure": 6.640000000000001e6,
      "elevation": 0.0,
      "y_coord": 15229.6888
    },
    "95": {
      "name": "node_ld14",
      "x_coord": 9014.578,
      "min_pressure": 4.38e6,
      "id": 95,
      "max_pressure": 6.640000000000001e6,
      "elevation": 0.0,
      "y_coord": 16244.9628
    },
    "85": {
      "name": "node_86",
      "x_coord": 9032.0952,
      "min_pressure": 2.5e6,
      "id": 85,
      "max_pressure": 6.640000000000001e6,
      "elevation": 0.0,
      "y_coord": 15008.9936
    },
    "48": {
      "name": "node_52",
      "x_coord": 9112.1552,
      "min_pressure": 3.5e6,
      "id": 48,
      "max_pressure": 6.640000000000001e6,
      "elevation": 0.0,
      "y_coord": 15409.9664
    },
    "103": {
      "name": "node_ld21",
      "x_coord": 9077.216,
      "min_pressure": 3.5e6,
      "id": 103,
      "max_pressure": 6.640000000000001e6,
      "elevation": 0.0,
      "y_coord": 15721.208400000001
    },
    "18": {
      "name": "node_25",
      "x_coord": 9140.9196,
      "min_pressure": 3.5e6,
      "id": 18,
      "max_pressure": 6.640000000000001e6,
      "elevation": 0.0,
      "y_coord": 16297.6348
    },
    "30": {
      "name": "node_36",
      "x_coord": 9019.4344,
      "min_pressure": 3.5e6,
      "id": 30,
      "max_pressure": 6.640000000000001e6,
      "elevation": 0.0,
      "y_coord": 15960.640000000001
    },
    "3": {
      "name": "node_11",
      "x_coord": 9845.9836,
      "min_pressure": 3.5e6,
      "id": 3,
      "max_pressure": 6.640000000000001e6,
      "elevation": 0.0,
      "y_coord": 16394.5132
    }
  },
  "short_pipes": {
    "32": {
      "name": "node_69_ld40",
      "to_node": 124,
      "max_flow": 2064.7222,
      "id": 32,
      "fr_node": 66,
      "min_flow": 0.0
    },
    "29": {
      "name": "node_65_ld37",
      "to_node": 120,
      "max_flow": 2064.7222,
      "id": 29,
      "fr_node": 62,
      "min_flow": 0.0
    },
    "1": {
      "name": "node_11_ld5",
      "to_node": 130,
      "max_flow": 2064.7222,
      "id": 1,
      "fr_node": 3,
      "min_flow": 0.0
    },
    "2": {
      "name": "node_13_ld6",
      "to_node": 131,
      "max_flow": 2064.7222,
      "id": 2,
      "fr_node": 5,
      "min_flow": 0.0
    },
    "41": {
      "name": "node_81_ld44",
      "to_node": 128,
      "max_flow": 2064.7222,
      "id": 41,
      "fr_node": 80,
      "min_flow": 0.0
    },
    "27": {
      "name": "node_61_ld30",
      "to_node": 113,
      "max_flow": 2064.7222,
      "id": 27,
      "fr_node": 58,
      "min_flow": 0.0
    },
    "42": {
      "name": "node_82_ld31",
      "to_node": 114,
      "max_flow": 2064.7222,
      "id": 42,
      "fr_node": 81,
      "min_flow": 0.0
    },
    "33": {
      "name": "node_6_ld2",
      "to_node": 101,
      "max_flow": 2064.7222,
      "id": 33,
      "fr_node": 56,
      "min_flow": 0.0
    },
    "28": {
      "name": "node_63_ld43",
      "to_node": 127,
      "max_flow": 2064.7222,
      "id": 28,
      "fr_node": 60,
      "min_flow": 0.0
    },
    "26": {
      "name": "node_59_ld29",
      "to_node": 111,
      "max_flow": 2064.7222,
      "id": 26,
      "fr_node": 55,
      "min_flow": 0.0
    },
    "10": {
      "name": "node_31_ld14",
      "to_node": 95,
      "max_flow": 2064.7222,
      "id": 10,
      "fr_node": 25,
      "min_flow": 0.0
    },
    "24": {
      "name": "node_56_ld27",
      "to_node": 109,
      "max_flow": 2064.7222,
      "id": 24,
      "fr_node": 52,
      "min_flow": 0.0
    },
    "25": {
      "name": "node_58_ld28",
      "to_node": 110,
      "max_flow": 2064.7222,
      "id": 25,
      "fr_node": 54,
      "min_flow": 0.0
    },
    "23": {
      "name": "node_53_ld26",
      "to_node": 108,
      "max_flow": 2064.7222,
      "id": 23,
      "fr_node": 49,
      "min_flow": 0.0
    },
    "5": {
      "name": "node_22_ld9",
      "to_node": 134,
      "max_flow": 2064.7222,
      "id": 5,
      "fr_node": 15,
      "min_flow": 0.0
    },
    "31": {
      "name": "node_69_ld39",
      "to_node": 122,
      "max_flow": 2064.7222,
      "id": 31,
      "fr_node": 66,
      "min_flow": 0.0
    },
    "43": {
      "name": "node_82_ld32",
      "to_node": 115,
      "max_flow": 2064.7222,
      "id": 43,
      "fr_node": 81,
      "min_flow": 0.0
    },
    "39": {
      "name": "node_76_ld35",
      "to_node": 118,
      "max_flow": 2064.7222,
      "id": 39,
      "fr_node": 74,
      "min_flow": 0.0
    },
    "44": {
      "name": "node_89_ld45",
      "to_node": 129,
      "max_flow": 2064.7222,
      "id": 44,
      "fr_node": 88,
      "min_flow": 0.0
    },
    "34": {
      "name": "node_6_ld3",
      "to_node": 112,
      "max_flow": 2064.7222,
      "id": 34,
      "fr_node": 56,
      "min_flow": 0.0
    },
    "17": {
      "name": "node_46_ld21",
      "to_node": 103,
      "max_flow": 2064.7222,
      "id": 17,
      "fr_node": 41,
      "min_flow": 0.0
    },
    "37": {
      "name": "node_73_ld33",
      "to_node": 116,
      "max_flow": 2064.7222,
      "id": 37,
      "fr_node": 71,
      "min_flow": 0.0
    },
    "9": {
      "name": "node_28_ld13",
      "to_node": 94,
      "max_flow": 2064.7222,
      "id": 9,
      "fr_node": 21,
      "min_flow": 0.0
    },
    "12": {
      "name": "node_37_ld16",
      "to_node": 97,
      "max_flow": 2064.7222,
      "id": 12,
      "fr_node": 31,
      "min_flow": 0.0
    },
    "20": {
      "name": "node_4_ld1",
      "to_node": 90,
      "max_flow": 2064.7222,
      "id": 20,
      "fr_node": 34,
      "min_flow": 0.0
    },
    "6": {
      "name": "node_24_ld10",
      "to_node": 91,
      "max_flow": 2064.7222,
      "id": 6,
      "fr_node": 17,
      "min_flow": 0.0
    },
    "14": {
      "name": "node_39_ld18",
      "to_node": 99,
      "max_flow": 2064.7222,
      "id": 14,
      "fr_node": 33,
      "min_flow": 0.0
    },
    "7": {
      "name": "node_26_ld11",
      "to_node": 92,
      "max_flow": 2064.7222,
      "id": 7,
      "fr_node": 19,
      "min_flow": 0.0
    },
    "8": {
      "name": "node_27_ld12",
      "to_node": 93,
      "max_flow": 2064.7222,
      "id": 8,
      "fr_node": 20,
      "min_flow": 0.0
    },
    "19": {
      "name": "node_49_ld23",
      "to_node": 105,
      "max_flow": 2064.7222,
      "id": 19,
      "fr_node": 44,
      "min_flow": 0.0
    },
    "4": {
      "name": "node_18_ld8",
      "to_node": 133,
      "max_flow": 2064.7222,
      "id": 4,
      "fr_node": 10,
      "min_flow": 0.0
    },
    "22": {
      "name": "node_53_ld25",
      "to_node": 107,
      "max_flow": 2064.7222,
      "id": 22,
      "fr_node": 49,
      "min_flow": 0.0
    },
    "11": {
      "name": "node_33_ld15",
      "to_node": 96,
      "max_flow": 2064.7222,
      "id": 11,
      "fr_node": 27,
      "min_flow": 0.0
    },
    "35": {
      "name": "node_70_ld41",
      "to_node": 125,
      "max_flow": 2064.7222,
      "id": 35,
      "fr_node": 68,
      "min_flow": 0.0
    },
    "13": {
      "name": "node_38_ld17",
      "to_node": 98,
      "max_flow": 2064.7222,
      "id": 13,
      "fr_node": 32,
      "min_flow": 0.0
    },
    "15": {
      "name": "node_44_ld19",
      "to_node": 100,
      "max_flow": 2064.7222,
      "id": 15,
      "fr_node": 39,
      "min_flow": 0.0
    },
    "16": {
      "name": "node_45_ld20",
      "to_node": 102,
      "max_flow": 2064.7222,
      "id": 16,
      "fr_node": 40,
      "min_flow": 0.0
    },
    "40": {
      "name": "node_77_ld34",
      "to_node": 117,
      "max_flow": 2064.7222,
      "id": 40,
      "fr_node": 75,
      "min_flow": 0.0
    },
    "38": {
      "name": "node_75_ld36",
      "to_node": 119,
      "max_flow": 2064.7222,
      "id": 38,
      "fr_node": 73,
      "min_flow": 0.0
    },
    "21": {
      "name": "node_53_ld24",
      "to_node": 106,
      "max_flow": 2064.7222,
      "id": 21,
      "fr_node": 49,
      "min_flow": 0.0
    },
    "45": {
      "name": "node_9_ld4",
      "to_node": 123,
      "max_flow": 2064.7222,
      "id": 45,
      "fr_node": 89,
      "min_flow": 0.0
    },
    "36": {
      "name": "node_72_ld42",
      "to_node": 126,
      "max_flow": 2064.7222,
      "id": 36,
      "fr_node": 70,
      "min_flow": 0.0
    },
    "18": {
      "name": "node_47_ld22",
      "to_node": 104,
      "max_flow": 2064.7222,
      "id": 18,
      "fr_node": 42,
      "min_flow": 0.0
    },
    "30": {
      "name": "node_65_ld38",
      "to_node": 121,
      "max_flow": 2064.7222,
      "id": 30,
      "fr_node": 62,
      "min_flow": 0.0
    },
    "3": {
      "name": "node_16_ld7",
      "to_node": 132,
      "max_flow": 2064.7222,
      "id": 3,
      "fr_node": 8,
      "min_flow": 0.0
    }
  },
  "valves": {},
  "pipes": {
    "32": {
      "friction_factor": 0.008122472357690962,
      "diameter": 0.762,
      "min_flow": -2064.7222,
      "length": 17565.3,
      "name": "p_br39",
      "min_pressure": 4.54e6,
      "to_node": 35,
      "max_flow": 2064.7222,
      "id": 32,
      "max_pressure": 6.640000000000001e6,
      "fr_node": 33
    },
    "29": {
      "friction_factor": 0.008122472357690962,
      "diameter": 0.762,
      "min_flow": -2064.7222,
      "length": 15639.0,
      "name": "p_br36",
      "min_pressure": 3.5e6,
      "to_node": 31,
      "max_flow": 2064.7222,
      "id": 29,
      "max_pressure": 6.640000000000001e6,
      "fr_node": 30
    },
    "81": {
      "friction_factor": 0.008413851055390295,
      "diameter": 0.6096,
      "min_flow": -2064.7222,
      "length": 22837.0,
      "name": "p_br84",
      "min_pressure": 2.5e6,
      "to_node": 84,
      "max_flow": 2064.7222,
      "id": 81,
      "max_pressure": 6.640000000000001e6,
      "fr_node": 83
    },
    "54": {
      "friction_factor": 0.008122472357690962,
      "diameter": 0.762,
      "min_flow": -2064.7222,
      "length": 10100.0,
      "name": "p_br59",
      "min_pressure": 3.5e6,
      "to_node": 57,
      "max_flow": 2064.7222,
      "id": 54,
      "max_pressure": 6.640000000000001e6,
      "fr_node": 53
    },
    "1": {
      "friction_factor": 0.007895489171103215,
      "diameter": 0.9144,
      "min_flow": -2064.7222,
      "length": 14560.0,
      "name": "p_br1",
      "min_pressure": 3.5e6,
      "to_node": 12,
      "max_flow": 2064.7222,
      "id": 1,
      "max_pressure": 6.640000000000001e6,
      "fr_node": 1
    },
    "78": {
      "friction_factor": 0.008663723578406174,
      "diameter": 0.508,
      "min_flow": -2064.7222,
      "length": 1500.0,
      "name": "p_br81",
      "min_pressure": 3.5e6,
      "to_node": 81,
      "max_flow": 2064.7222,
      "id": 78,
      "max_pressure": 6.640000000000001e6,
      "fr_node": 80
    },
    "2": {
      "friction_factor": 0.008413851055390295,
      "diameter": 0.6095999999999999,
      "min_flow": -2064.7222,
      "length": 16355.0,
      "name": "p_br10",
      "min_pressure": 3.5e6,
      "to_node": 3,
      "max_flow": 2064.7222,
      "id": 2,
      "max_pressure": 6.640000000000001e6,
      "fr_node": 2
    },
    "74": {
      "friction_factor": 0.008122472357690962,
      "diameter": 0.762,
      "min_flow": -2064.7222,
      "length": 8605.5,
      "name": "p_br78",
      "min_pressure": 3.65e6,
      "to_node": 77,
      "max_flow": 2064.7222,
      "id": 74,
      "max_pressure": 6.640000000000001e6,
      "fr_node": 76
    },
    "41": {
      "friction_factor": 0.008122472357690962,
      "diameter": 0.762,
      "min_flow": -2064.7222,
      "length": 26734.8,
      "name": "p_br47",
      "min_pressure": 3.5e6,
      "to_node": 43,
      "max_flow": 2064.7222,
      "id": 41,
      "max_pressure": 6.640000000000001e6,
      "fr_node": 36
    },
    "65": {
      "friction_factor": 0.008413851055390295,
      "diameter": 0.6095999999999999,
      "min_flow": -2064.7222,
      "length": 28112.0,
      "name": "p_br7",
      "min_pressure": 3.5e6,
      "to_node": 78,
      "max_flow": 2064.7222,
      "id": 65,
      "max_pressure": 6.640000000000001e6,
      "fr_node": 67
    },
    "53": {
      "friction_factor": 0.00918585711106216,
      "diameter": 0.3556,
      "min_flow": -2064.7222,
      "length": 651.34,
      "name": "p_br58",
      "min_pressure": 3.05e6,
      "to_node": 55,
      "max_flow": 2064.7222,
      "id": 53,
      "max_pressure": 6.640000000000001e6,
      "fr_node": 53
    },
    "51": {
      "friction_factor": 0.008122472357690962,
      "diameter": 0.762,
      "min_flow": -2064.7222,
      "length": 10100.0,
      "name": "p_br56",
      "min_pressure": 3.5e6,
      "to_node": 53,
      "max_flow": 2064.7222,
      "id": 51,
      "max_pressure": 6.640000000000001e6,
      "fr_node": 51
    },
    "27": {
      "friction_factor": 0.008122472357690962,
      "diameter": 0.762,
      "min_flow": -2064.7222,
      "length": 12918.8,
      "name": "p_br34",
      "min_pressure": 3.5e6,
      "to_node": 29,
      "max_flow": 2064.7222,
      "id": 27,
      "max_pressure": 6.640000000000001e6,
      "fr_node": 28
    },
    "75": {
      "friction_factor": 0.008122472357690962,
      "diameter": 0.762,
      "min_flow": -2064.7222,
      "length": 5900.0,
      "name": "p_br79",
      "min_pressure": 3.84e6,
      "to_node": 79,
      "max_flow": 2064.7222,
      "id": 75,
      "max_pressure": 6.640000000000001e6,
      "fr_node": 77
    },
    "42": {
      "friction_factor": 0.008122472357690962,
      "diameter": 0.762,
      "min_flow": -2064.7222,
      "length": 26944.4,
      "name": "p_br48",
      "min_pressure": 3.5e6,
      "to_node": 44,
      "max_flow": 2064.7222,
      "id": 42,
      "max_pressure": 6.640000000000001e6,
      "fr_node": 43
    },
    "33": {
      "friction_factor": 0.007895489171103215,
      "diameter": 0.9144,
      "min_flow": -2064.7222,
      "length": 28150.0,
      "name": "p_br4",
      "min_pressure": 3.5e6,
      "to_node": 45,
      "max_flow": 2064.7222,
      "id": 33,
      "max_pressure": 6.640000000000001e6,
      "fr_node": 34
    },
    "28": {
      "friction_factor": 0.008122472357690962,
      "diameter": 0.762,
      "min_flow": -2064.7222,
      "length": 19251.0,
      "name": "p_br35",
      "min_pressure": 3.5e6,
      "to_node": 30,
      "max_flow": 2064.7222,
      "id": 28,
      "max_pressure": 6.640000000000001e6,
      "fr_node": 29
    },
    "50": {
      "friction_factor": 0.008663723578406174,
      "diameter": 0.508,
      "min_flow": -2064.7222,
      "length": 28130.0,
      "name": "p_br55",
      "min_pressure": 2.5e6,
      "to_node": 52,
      "max_flow": 2064.7222,
      "id": 50,
      "max_pressure": 6.640000000000001e6,
      "fr_node": 51
    },
    "52": {
      "friction_factor": 0.00918585711106216,
      "diameter": 0.3556,
      "min_flow": -2064.7222,
      "length": 651.34,
      "name": "p_br57",
      "min_pressure": 2.55e6,
      "to_node": 54,
      "max_flow": 2064.7222,
      "id": 52,
      "max_pressure": 6.640000000000001e6,
      "fr_node": 53
    },
    "63": {
      "friction_factor": 0.008122472357690962,
      "diameter": 0.762,
      "min_flow": -2064.7222,
      "length": 6806.0,
      "name": "p_br68",
      "min_pressure": 2.76e6,
      "to_node": 66,
      "max_flow": 2064.7222,
      "id": 63,
      "max_pressure": 3.7700000000000005e6,
      "fr_node": 65
    },
    "26": {
      "friction_factor": 0.008122472357690962,
      "diameter": 0.762,
      "min_flow": -2064.7222,
      "length": 15550.800000000001,
      "name": "p_br33",
      "min_pressure": 3.5e6,
      "to_node": 28,
      "max_flow": 2064.7222,
      "id": 26,
      "max_pressure": 6.640000000000001e6,
      "fr_node": 27
    },
    "10": {
      "friction_factor": 0.008413851055390295,
      "diameter": 0.6095999999999999,
      "min_flow": -2064.7222,
      "length": 22764.0,
      "name": "p_br18",
      "min_pressure": 3.5e6,
      "to_node": 11,
      "max_flow": 2064.7222,
      "id": 10,
      "max_pressure": 6.640000000000001e6,
      "fr_node": 10
    },
    "77": {
      "friction_factor": 0.008122472357690962,
      "diameter": 0.762,
      "min_flow": -2064.7222,
      "length": 40500.0,
      "name": "p_br80",
      "min_pressure": 3.5e6,
      "to_node": 80,
      "max_flow": 2064.7222,
      "id": 77,
      "max_pressure": 6.640000000000001e6,
      "fr_node": 77
    },
    "24": {
      "friction_factor": 0.008122472357690962,
      "diameter": 0.762,
      "min_flow": -2064.7222,
      "length": 43176.7,
      "name": "p_br31",
      "min_pressure": 3.5e6,
      "to_node": 26,
      "max_flow": 2064.7222,
      "id": 24,
      "max_pressure": 6.640000000000001e6,
      "fr_node": 24
    },
    "58": {
      "friction_factor": 0.008663723578406174,
      "diameter": 0.508,
      "min_flow": -2064.7222,
      "length": 73190.0,
      "name": "p_br62",
      "min_pressure": 3.05e6,
      "to_node": 60,
      "max_flow": 2064.7222,
      "id": 58,
      "max_pressure": 6.640000000000001e6,
      "fr_node": 59
    },
    "25": {
      "friction_factor": 0.008122472357690962,
      "diameter": 0.762,
      "min_flow": -2064.7222,
      "length": 20992.3,
      "name": "p_br32",
      "min_pressure": 3.5e6,
      "to_node": 27,
      "max_flow": 2064.7222,
      "id": 25,
      "max_pressure": 6.640000000000001e6,
      "fr_node": 26
    },
    "23": {
      "friction_factor": 0.00972291936629372,
      "diameter": 0.254,
      "min_flow": -2064.7222,
      "length": 10927.0,
      "name": "p_br30",
      "min_pressure": 3.5e6,
      "to_node": 25,
      "max_flow": 2064.7222,
      "id": 23,
      "max_pressure": 6.640000000000001e6,
      "fr_node": 24
    },
    "49": {
      "friction_factor": 0.008122472357690962,
      "diameter": 0.762,
      "min_flow": -2064.7222,
      "length": 24664.5,
      "name": "p_br54",
      "min_pressure": 3.5e6,
      "to_node": 51,
      "max_flow": 2064.7222,
      "id": 49,
      "max_pressure": 6.640000000000001e6,
      "fr_node": 50
    },
    "59": {
      "friction_factor": 0.008122472357690962,
      "diameter": 0.762,
      "min_flow": -2064.7222,
      "length": 11764.6,
      "name": "p_br63",
      "min_pressure": 3.5e6,
      "to_node": 61,
      "max_flow": 2064.7222,
      "id": 59,
      "max_pressure": 6.640000000000001e6,
      "fr_node": 59
    },
    "31": {
      "friction_factor": 0.008122472357690962,
      "diameter": 0.762,
      "min_flow": -2064.7222,
      "length": 11295.1,
      "name": "p_br38",
      "min_pressure": 4.54e6,
      "to_node": 33,
      "max_flow": 2064.7222,
      "id": 31,
      "max_pressure": 6.640000000000001e6,
      "fr_node": 32
    },
    "5": {
      "friction_factor": 0.008413851055390295,
      "diameter": 0.6095999999999999,
      "min_flow": -2064.7222,
      "length": 9275.0,
      "name": "p_br13",
      "min_pressure": 3.5e6,
      "to_node": 6,
      "max_flow": 2064.7222,
      "id": 5,
      "max_pressure": 6.640000000000001e6,
      "fr_node": 4
    },
    "62": {
      "friction_factor": 0.008122472357690962,
      "diameter": 0.762,
      "min_flow": -2064.7222,
      "length": 14379.0,
      "name": "p_br67",
      "min_pressure": 2.76e6,
      "to_node": 65,
      "max_flow": 2064.7222,
      "id": 62,
      "max_pressure": 3.7700000000000005e6,
      "fr_node": 64
    },
    "43": {
      "friction_factor": 0.008122472357690962,
      "diameter": 0.762,
      "min_flow": -2064.7222,
      "length": 21321.8,
      "name": "p_br49",
      "min_pressure": 3.5e6,
      "to_node": 46,
      "max_flow": 2064.7222,
      "id": 43,
      "max_pressure": 6.640000000000001e6,
      "fr_node": 44
    },
    "39": {
      "friction_factor": 0.00972291936629372,
      "diameter": 0.254,
      "min_flow": -2064.7222,
      "length": 21347.0,
      "name": "p_br45",
      "min_pressure": 3.5e6,
      "to_node": 41,
      "max_flow": 2064.7222,
      "id": 39,
      "max_pressure": 6.640000000000001e6,
      "fr_node": 36
    },
    "34": {
      "friction_factor": 0.008122472357690962,
      "diameter": 0.762,
      "min_flow": -2064.7222,
      "length": 16269.5,
      "name": "p_br40",
      "min_pressure": 4.54e6,
      "to_node": 36,
      "max_flow": 2064.7222,
      "id": 34,
      "max_pressure": 6.640000000000001e6,
      "fr_node": 35
    },
    "44": {
      "friction_factor": 0.007895489171103215,
      "diameter": 0.9144,
      "min_flow": -2064.7222,
      "length": 19750.0,
      "name": "p_br5",
      "min_pressure": 3.5e6,
      "to_node": 56,
      "max_flow": 2064.7222,
      "id": 44,
      "max_pressure": 6.640000000000001e6,
      "fr_node": 45
    },
    "55": {
      "friction_factor": 0.008413851055390295,
      "diameter": 0.6095999999999999,
      "min_flow": -2064.7222,
      "length": 8434.0,
      "name": "p_br6",
      "min_pressure": 3.5e6,
      "to_node": 67,
      "max_flow": 2064.7222,
      "id": 55,
      "max_pressure": 6.640000000000001e6,
      "fr_node": 56
    },
    "86": {
      "friction_factor": 0.008413851055390295,
      "diameter": 0.6095999999999999,
      "min_flow": -2064.7222,
      "length": 11167.0,
      "name": "p_br9",
      "min_pressure": 3.5e6,
      "to_node": 2,
      "max_flow": 2064.7222,
      "id": 86,
      "max_pressure": 6.640000000000001e6,
      "fr_node": 89
    },
    "17": {
      "friction_factor": 0.007895489171103215,
      "diameter": 0.9144,
      "min_flow": -2064.7222,
      "length": 13042.400000000001,
      "name": "p_br24",
      "min_pressure": 3.5e6,
      "to_node": 18,
      "max_flow": 2064.7222,
      "id": 17,
      "max_pressure": 6.640000000000001e6,
      "fr_node": 15
    },
    "71": {
      "friction_factor": 0.008413851055390295,
      "diameter": 0.6096,
      "min_flow": -2064.7222,
      "length": 3598.0,
      "name": "p_br75",
      "min_pressure": 2.68e6,
      "to_node": 74,
      "max_flow": 2064.7222,
      "id": 71,
      "max_pressure": 6.640000000000001e6,
      "fr_node": 73
    },
    "47": {
      "friction_factor": 0.008663723578406174,
      "diameter": 0.508,
      "min_flow": -2064.7222,
      "length": 28057.0,
      "name": "p_br52",
      "min_pressure": 3.5e6,
      "to_node": 49,
      "max_flow": 2064.7222,
      "id": 47,
      "max_pressure": 6.640000000000001e6,
      "fr_node": 48
    },
    "37": {
      "friction_factor": 0.00972291936629372,
      "diameter": 0.254,
      "min_flow": -2064.7222,
      "length": 7853.0,
      "name": "p_br43",
      "min_pressure": 3.5e6,
      "to_node": 39,
      "max_flow": 2064.7222,
      "id": 37,
      "max_pressure": 6.640000000000001e6,
      "fr_node": 38
    },
    "9": {
      "friction_factor": 0.008413851055390295,
      "diameter": 0.6095999999999999,
      "min_flow": -2064.7222,
      "length": 21565.0,
      "name": "p_br17",
      "min_pressure": 3.5e6,
      "to_node": 10,
      "max_flow": 2064.7222,
      "id": 9,
      "max_pressure": 6.640000000000001e6,
      "fr_node": 9
    },
    "73": {
      "friction_factor": 0.008122472357690962,
      "diameter": 0.762,
      "min_flow": -2064.7222,
      "length": 9322.2,
      "name": "p_br77",
      "min_pressure": 3.65e6,
      "to_node": 76,
      "max_flow": 2064.7222,
      "id": 73,
      "max_pressure": 6.640000000000001e6,
      "fr_node": 61
    },
    "82": {
      "friction_factor": 0.008413851055390295,
      "diameter": 0.6096,
      "min_flow": -2064.7222,
      "length": 29467.0,
      "name": "p_br85",
      "min_pressure": 2.5e6,
      "to_node": 85,
      "max_flow": 2064.7222,
      "id": 82,
      "max_pressure": 6.640000000000001e6,
      "fr_node": 84
    },
    "12": {
      "friction_factor": 0.007895489171103215,
      "diameter": 0.9144,
      "min_flow": -2064.7222,
      "length": 15250.0,
      "name": "p_br2",
      "min_pressure": 3.5e6,
      "to_node": 23,
      "max_flow": 2064.7222,
      "id": 12,
      "max_pressure": 6.640000000000001e6,
      "fr_node": 12
    },
    "79": {
      "friction_factor": 0.008122472357690962,
      "diameter": 0.762,
      "min_flow": -2064.7222,
      "length": 11570.0,
      "name": "p_br82",
      "min_pressure": 2.5e6,
      "to_node": 82,
      "max_flow": 2064.7222,
      "id": 79,
      "max_pressure": 6.640000000000001e6,
      "fr_node": 80
    },
    "20": {
      "friction_factor": 0.00972291936629372,
      "diameter": 0.254,
      "min_flow": -2064.7222,
      "length": 2137.9100000000003,
      "name": "p_br27",
      "min_pressure": 3.9e6,
      "to_node": 21,
      "max_flow": 2064.7222,
      "id": 20,
      "max_pressure": 5.5e6,
      "fr_node": 19
    },
    "6": {
      "friction_factor": 0.008413851055390295,
      "diameter": 0.6095999999999999,
      "min_flow": -2064.7222,
      "length": 18296.0,
      "name": "p_br14",
      "min_pressure": 3.5e6,
      "to_node": 7,
      "max_flow": 2064.7222,
      "id": 6,
      "max_pressure": 6.640000000000001e6,
      "fr_node": 6
    },
    "84": {
      "friction_factor": 0.008413851055390295,
      "diameter": 0.6096,
      "min_flow": -2064.7222,
      "length": 32844.0,
      "name": "p_br87",
      "min_pressure": 2.5e6,
      "to_node": 87,
      "max_flow": 2064.7222,
      "id": 84,
      "max_pressure": 6.640000000000001e6,
      "fr_node": 86
    },
    "80": {
      "friction_factor": 0.008413851055390295,
      "diameter": 0.6096,
      "min_flow": -2064.7222,
      "length": 37924.0,
      "name": "p_br83",
      "min_pressure": 2.5e6,
      "to_node": 83,
      "max_flow": 2064.7222,
      "id": 80,
      "max_pressure": 6.640000000000001e6,
      "fr_node": 82
    },
    "70": {
      "friction_factor": 0.008413851055390295,
      "diameter": 0.6096,
      "min_flow": -2064.7222,
      "length": 8900.0,
      "name": "p_br74",
      "min_pressure": 2.68e6,
      "to_node": 73,
      "max_flow": 2064.7222,
      "id": 70,
      "max_pressure": 6.640000000000001e6,
      "fr_node": 72
    },
    "14": {
      "friction_factor": 0.007895489171103215,
      "diameter": 0.9144,
      "min_flow": -2064.7222,
      "length": 26693.4,
      "name": "p_br21",
      "min_pressure": 3.5e6,
      "to_node": 15,
      "max_flow": 2064.7222,
      "id": 14,
      "max_pressure": 6.640000000000001e6,
      "fr_node": 14
    },
    "7": {
      "friction_factor": 0.008413851055390295,
      "diameter": 0.6095999999999999,
      "min_flow": -2064.7222,
      "length": 19510.0,
      "name": "p_br15",
      "min_pressure": 3.5e6,
      "to_node": 8,
      "max_flow": 2064.7222,
      "id": 7,
      "max_pressure": 6.640000000000001e6,
      "fr_node": 7
    },
    "57": {
      "friction_factor": 0.008122472357690962,
      "diameter": 0.762,
      "min_flow": -2064.7222,
      "length": 18341.2,
      "name": "p_br61",
      "min_pressure": 3.5e6,
      "to_node": 59,
      "max_flow": 2064.7222,
      "id": 57,
      "max_pressure": 6.640000000000001e6,
      "fr_node": 57
    },
    "8": {
      "friction_factor": 0.008413851055390295,
      "diameter": 0.6095999999999999,
      "min_flow": -2064.7222,
      "length": 26228.0,
      "name": "p_br16",
      "min_pressure": 3.5e6,
      "to_node": 9,
      "max_flow": 2064.7222,
      "id": 8,
      "max_pressure": 6.640000000000001e6,
      "fr_node": 8
    },
    "64": {
      "friction_factor": 0.008122472357690962,
      "diameter": 0.762,
      "min_flow": -2064.7222,
      "length": 15959.0,
      "name": "p_br69",
      "min_pressure": 2.65e6,
      "to_node": 68,
      "max_flow": 2064.7222,
      "id": 64,
      "max_pressure": 3.7700000000000005e6,
      "fr_node": 66
    },
    "19": {
      "friction_factor": 0.00972291936629372,
      "diameter": 0.254,
      "min_flow": -2064.7222,
      "length": 2137.9100000000003,
      "name": "p_br26",
      "min_pressure": 3.9e6,
      "to_node": 20,
      "max_flow": 2064.7222,
      "id": 19,
      "max_pressure": 5.5e6,
      "fr_node": 19
    },
    "69": {
      "friction_factor": 0.008122472357690962,
      "diameter": 0.762,
      "min_flow": -2064.7222,
      "length": 2915.0,
      "name": "p_br73",
      "min_pressure": 3.0e6,
      "to_node": 72,
      "max_flow": 2064.7222,
      "id": 69,
      "max_pressure": 6.640000000000001e6,
      "fr_node": 71
    },
    "60": {
      "friction_factor": 0.008122472357690962,
      "diameter": 0.762,
      "min_flow": -2064.7222,
      "length": 11717.0,
      "name": "p_br64",
      "min_pressure": 3.21e6,
      "to_node": 62,
      "max_flow": 2064.7222,
      "id": 60,
      "max_pressure": 6.640000000000001e6,
      "fr_node": 61
    },
    "4": {
      "friction_factor": 0.009426233728877662,
      "diameter": 0.30479999999999996,
      "min_flow": -2064.7222,
      "length": 1615.0,
      "name": "p_br12",
      "min_pressure": 3.3200000000000005e6,
      "to_node": 5,
      "max_flow": 2064.7222,
      "id": 4,
      "max_pressure": 6.640000000000001e6,
      "fr_node": 4
    },
    "22": {
      "friction_factor": 0.007895489171103215,
      "diameter": 0.9144,
      "min_flow": -2064.7222,
      "length": 5500.0,
      "name": "p_br3",
      "min_pressure": 3.5e6,
      "to_node": 34,
      "max_flow": 2064.7222,
      "id": 22,
      "max_pressure": 6.640000000000001e6,
      "fr_node": 23
    },
    "11": {
      "friction_factor": 0.007895489171103215,
      "diameter": 0.9144,
      "min_flow": -2064.7222,
      "length": 17869.3,
      "name": "p_br19",
      "min_pressure": 3.5e6,
      "to_node": 11,
      "max_flow": 2064.7222,
      "id": 11,
      "max_pressure": 6.640000000000001e6,
      "fr_node": 13
    },
    "35": {
      "friction_factor": 0.00972291936629372,
      "diameter": 0.254,
      "min_flow": -2064.7222,
      "length": 8294.0,
      "name": "p_br41",
      "min_pressure": 3.5e6,
      "to_node": 37,
      "max_flow": 2064.7222,
      "id": 35,
      "max_pressure": 6.640000000000001e6,
      "fr_node": 36
    },
    "13": {
      "friction_factor": 0.007895489171103215,
      "diameter": 0.9144,
      "min_flow": -2064.7222,
      "length": 23153.9,
      "name": "p_br20",
      "min_pressure": 3.5e6,
      "to_node": 14,
      "max_flow": 2064.7222,
      "id": 13,
      "max_pressure": 6.640000000000001e6,
      "fr_node": 11
    },
    "67": {
      "friction_factor": 0.008122472357690962,
      "diameter": 0.762,
      "min_flow": -2064.7222,
      "length": 12558.5,
      "name": "p_br71",
      "min_pressure": 2.65e6,
      "to_node": 70,
      "max_flow": 2064.7222,
      "id": 67,
      "max_pressure": 3.76e6,
      "fr_node": 69
    },
    "61": {
      "friction_factor": 0.008122472357690962,
      "diameter": 0.762,
      "min_flow": -2064.7222,
      "length": 29500.0,
      "name": "p_br66",
      "min_pressure": 2.76e6,
      "to_node": 64,
      "max_flow": 2064.7222,
      "id": 61,
      "max_pressure": 3.7700000000000005e6,
      "fr_node": 63
    },
    "15": {
      "friction_factor": 0.008413851055390295,
      "diameter": 0.6095999999999999,
      "min_flow": -2064.7222,
      "length": 12518.0,
      "name": "p_br22",
      "min_pressure": 3.4200000000000005e6,
      "to_node": 16,
      "max_flow": 2064.7222,
      "id": 15,
      "max_pressure": 6.640000000000001e6,
      "fr_node": 15
    },
    "16": {
      "friction_factor": 0.008413851055390295,
      "diameter": 0.6095999999999999,
      "min_flow": -2064.7222,
      "length": 12210.0,
      "name": "p_br23",
      "min_pressure": 3.4200000000000005e6,
      "to_node": 17,
      "max_flow": 2064.7222,
      "id": 16,
      "max_pressure": 5.5e6,
      "fr_node": 16
    },
    "40": {
      "friction_factor": 0.00972291936629372,
      "diameter": 0.254,
      "min_flow": -2064.7222,
      "length": 19518.0,
      "name": "p_br46",
      "min_pressure": 3.5e6,
      "to_node": 42,
      "max_flow": 2064.7222,
      "id": 40,
      "max_pressure": 6.640000000000001e6,
      "fr_node": 41
    },
    "46": {
      "friction_factor": 0.008122472357690962,
      "diameter": 0.762,
      "min_flow": -2064.7222,
      "length": 16468.5,
      "name": "p_br51",
      "min_pressure": 3.5e6,
      "to_node": 48,
      "max_flow": 2064.7222,
      "id": 46,
      "max_pressure": 6.640000000000001e6,
      "fr_node": 47
    },
    "21": {
      "friction_factor": 0.007895489171103215,
      "diameter": 0.9144,
      "min_flow": -2064.7222,
      "length": 4962.6,
      "name": "p_br28",
      "min_pressure": 3.5e6,
      "to_node": 22,
      "max_flow": 2064.7222,
      "id": 21,
      "max_pressure": 6.640000000000001e6,
      "fr_node": 18
    },
    "72": {
      "friction_factor": 0.00918585711106216,
      "diameter": 0.3556,
      "min_flow": -2064.7222,
      "length": 1810.0,
      "name": "p_br76",
      "min_pressure": 3.0e6,
      "to_node": 75,
      "max_flow": 2064.7222,
      "id": 72,
      "max_pressure": 6.640000000000001e6,
      "fr_node": 71
    },
    "38": {
      "friction_factor": 0.00972291936629372,
      "diameter": 0.254,
      "min_flow": -2064.7222,
      "length": 21813.0,
      "name": "p_br44",
      "min_pressure": 3.5e6,
      "to_node": 40,
      "max_flow": 2064.7222,
      "id": 38,
      "max_pressure": 6.640000000000001e6,
      "fr_node": 39
    },
    "83": {
      "friction_factor": 0.008413851055390295,
      "diameter": 0.6096,
      "min_flow": -2064.7222,
      "length": 16376.999999999998,
      "name": "p_br86",
      "min_pressure": 2.5e6,
      "to_node": 86,
      "max_flow": 2064.7222,
      "id": 83,
      "max_pressure": 6.640000000000001e6,
      "fr_node": 85
    },
    "45": {
      "friction_factor": 0.008122472357690962,
      "diameter": 0.762,
      "min_flow": -2064.7222,
      "length": 21536.0,
      "name": "p_br50",
      "min_pressure": 3.5e6,
      "to_node": 47,
      "max_flow": 2064.7222,
      "id": 45,
      "max_pressure": 6.640000000000001e6,
      "fr_node": 46
    },
    "68": {
      "friction_factor": 0.008122472357690962,
      "diameter": 0.762,
      "min_flow": -2064.7222,
      "length": 9007.0,
      "name": "p_br72",
      "min_pressure": 3.65e6,
      "to_node": 71,
      "max_flow": 2064.7222,
      "id": 68,
      "max_pressure": 6.640000000000001e6,
      "fr_node": 61
    },
    "56": {
      "friction_factor": 0.00972291936629372,
      "diameter": 0.254,
      "min_flow": -2064.7222,
      "length": 20569.1,
      "name": "p_br60",
      "min_pressure": 3.6299999999999995e6,
      "to_node": 58,
      "max_flow": 2064.7222,
      "id": 56,
      "max_pressure": 6.640000000000001e6,
      "fr_node": 57
    },
    "36": {
      "friction_factor": 0.00972291936629372,
      "diameter": 0.254,
      "min_flow": -2064.7222,
      "length": 33968.0,
      "name": "p_br42",
      "min_pressure": 3.5e6,
      "to_node": 38,
      "max_flow": 2064.7222,
      "id": 36,
      "max_pressure": 6.640000000000001e6,
      "fr_node": 37
    },
    "66": {
      "friction_factor": 0.008122472357690962,
      "diameter": 0.762,
      "min_flow": -2064.7222,
      "length": 10678.0,
      "name": "p_br70",
      "min_pressure": 2.65e6,
      "to_node": 69,
      "max_flow": 2064.7222,
      "id": 66,
      "max_pressure": 3.76e6,
      "fr_node": 68
    },
    "76": {
      "friction_factor": 0.008413851055390295,
      "diameter": 0.6095999999999999,
      "min_flow": -2064.7222,
      "length": 18062.0,
      "name": "p_br8",
      "min_pressure": 3.5e6,
      "to_node": 89,
      "max_flow": 2064.7222,
      "id": 76,
      "max_pressure": 6.640000000000001e6,
      "fr_node": 78
    },
    "85": {
      "friction_factor": 0.008413851055390295,
      "diameter": 0.6096,
      "min_flow": -2064.7222,
      "length": 16967.0,
      "name": "p_br88",
      "min_pressure": 2.5e6,
      "to_node": 88,
      "max_flow": 2064.7222,
      "id": 85,
      "max_pressure": 6.640000000000001e6,
      "fr_node": 87
    },
    "48": {
      "friction_factor": 0.008122472357690962,
      "diameter": 0.762,
      "min_flow": -2064.7222,
      "length": 14207.7,
      "name": "p_br53",
      "min_pressure": 3.5e6,
      "to_node": 50,
      "max_flow": 2064.7222,
      "id": 48,
      "max_pressure": 6.640000000000001e6,
      "fr_node": 48
    },
    "18": {
      "friction_factor": 0.008413851055390295,
      "diameter": 0.6095999999999999,
      "min_flow": -2064.7222,
      "length": 7600.0,
      "name": "p_br25",
      "min_pressure": 3.5e6,
      "to_node": 19,
      "max_flow": 2064.7222,
      "id": 18,
      "max_pressure": 6.640000000000001e6,
      "fr_node": 18
    },
    "30": {
      "friction_factor": 0.008122472357690962,
      "diameter": 0.762,
      "min_flow": -2064.7222,
      "length": 13000.0,
      "name": "p_br37",
      "min_pressure": 3.5e6,
      "to_node": 32,
      "max_flow": 2064.7222,
      "id": 30,
      "max_pressure": 6.640000000000001e6,
      "fr_node": 31
    },
    "3": {
      "friction_factor": 0.008413851055390295,
      "diameter": 0.6095999999999999,
      "min_flow": -2064.7222,
      "length": 15652.0,
      "name": "p_br11",
      "min_pressure": 3.5e6,
      "to_node": 4,
      "max_flow": 2064.7222,
      "id": 3,
      "max_pressure": 6.640000000000001e6,
      "fr_node": 3
    }
  },
  "resistors": {},
  "loss_resistors": {},
  "compressors": {
    "1": {
      "min_flow": 0.0,
      "name": "cs",
      "to_node": 24,
      "max_flow": 2064.7222,
      "max_c_ratio": 98.69232667160128,
      "id": 1,
      "min_c_ratio": 1.0,
      "fuel_node": 22,
      "internal_bypass_required": 0,
      "max_power": 2.3677649901701492e10,
      "fr_node": 22
    }
  },
  "control_valves": {
    "1": {
      "max_pressure_differential": 1.2e7,
      "min_flow": -2064.7222,
      "name": "controlValve_br65",
      "to_node": 63,
      "max_flow": 2064.7222,
      "min_inlet_pressure": 101325.0,
      "id": 1,
      "min_pressure_differential": 100000.0,
      "internal_bypass_required": 0,
      "max_outlet_pressure": 1.0e7,
      "fr_node": 62
    }
  },
  "entries": {
    "1": {
      "name": "node_1",
      "id": 1,
      "node_id": 1
    },
    "2": {
      "name": "node_20",
      "id": 2,
      "node_id": 13
    },
    "3": {
      "name": "node_80",
      "id": 3,
      "node_id": 79
    }
  },
  "exits": {
    "32": {
      "name": "node_ld38",
      "id": 32,
      "node_id": 121
    },
    "29": {
      "name": "node_ld35",
      "id": 29,
      "node_id": 118
    },
    "1": {
      "name": "node_ld1",
      "id": 1,
      "node_id": 90
    },
    "2": {
      "name": "node_ld10",
      "id": 2,
      "node_id": 91
    },
    "41": {
      "name": "node_ld5",
      "id": 41,
      "node_id": 130
    },
    "27": {
      "name": "node_ld33",
      "id": 27,
      "node_id": 116
    },
    "42": {
      "name": "node_ld6",
      "id": 42,
      "node_id": 131
    },
    "33": {
      "name": "node_ld39",
      "id": 33,
      "node_id": 122
    },
    "28": {
      "name": "node_ld34",
      "id": 28,
      "node_id": 117
    },
    "26": {
      "name": "node_ld32",
      "id": 26,
      "node_id": 115
    },
    "10": {
      "name": "node_ld18",
      "id": 10,
      "node_id": 99
    },
    "24": {
      "name": "node_ld30",
      "id": 24,
      "node_id": 113
    },
    "25": {
      "name": "node_ld31",
      "id": 25,
      "node_id": 114
    },
    "23": {
      "name": "node_ld3",
      "id": 23,
      "node_id": 112
    },
    "31": {
      "name": "node_ld37",
      "id": 31,
      "node_id": 120
    },
    "5": {
      "name": "node_ld13",
      "id": 5,
      "node_id": 94
    },
    "43": {
      "name": "node_ld7",
      "id": 43,
      "node_id": 132
    },
    "39": {
      "name": "node_ld44",
      "id": 39,
      "node_id": 128
    },
    "44": {
      "name": "node_ld8",
      "id": 44,
      "node_id": 133
    },
    "34": {
      "name": "node_ld4",
      "id": 34,
      "node_id": 123
    },
    "17": {
      "name": "node_ld24",
      "id": 17,
      "node_id": 106
    },
    "37": {
      "name": "node_ld42",
      "id": 37,
      "node_id": 126
    },
    "9": {
      "name": "node_ld17",
      "id": 9,
      "node_id": 98
    },
    "12": {
      "name": "node_ld2",
      "id": 12,
      "node_id": 101
    },
    "20": {
      "name": "node_ld27",
      "id": 20,
      "node_id": 109
    },
    "6": {
      "name": "node_ld14",
      "id": 6,
      "node_id": 95
    },
    "14": {
      "name": "node_ld21",
      "id": 14,
      "node_id": 103
    },
    "7": {
      "name": "node_ld15",
      "id": 7,
      "node_id": 96
    },
    "8": {
      "name": "node_ld16",
      "id": 8,
      "node_id": 97
    },
    "19": {
      "name": "node_ld26",
      "id": 19,
      "node_id": 108
    },
    "4": {
      "name": "node_ld12",
      "id": 4,
      "node_id": 93
    },
    "22": {
      "name": "node_ld29",
      "id": 22,
      "node_id": 111
    },
    "11": {
      "name": "node_ld19",
      "id": 11,
      "node_id": 100
    },
    "35": {
      "name": "node_ld40",
      "id": 35,
      "node_id": 124
    },
    "13": {
      "name": "node_ld20",
      "id": 13,
      "node_id": 102
    },
    "15": {
      "name": "node_ld22",
      "id": 15,
      "node_id": 104
    },
    "16": {
      "name": "node_ld23",
      "id": 16,
      "node_id": 105
    },
    "40": {
      "name": "node_ld45",
      "id": 40,
      "node_id": 129
    },
    "21": {
      "name": "node_ld28",
      "id": 21,
      "node_id": 110
    },
    "38": {
      "name": "node_ld43",
      "id": 38,
      "node_id": 127
    },
    "45": {
      "name": "node_ld9",
      "id": 45,
      "node_id": 134
    },
    "36": {
      "name": "node_ld41",
      "id": 36,
      "node_id": 125
    },
    "18": {
      "name": "node_ld25",
      "id": 18,
      "node_id": 107
    },
    "30": {
      "name": "node_ld36",
      "id": 30,
      "node_id": 119
    },
    "3": {
      "name": "node_ld11",
      "id": 3,
      "node_id": 92
    }
  }
}
