{
  "nodes": {
    "32": {
      "name": "sink_4",
      "x_coord": 47.7026244783,
      "min_pressure": 101325.0,
      "id": 32,
      "max_pressure": 8.101325e6,
      "elevation": 0.0,
      "y_coord": 7.1514568006
    },
    "29": {
      "name": "sink_28",
      "x_coord": 48.8791502097,
      "min_pressure": 101325.0,
      "id": 29,
      "max_pressure": 8.101325e6,
      "elevation": 0.0,
      "y_coord": 6.40592572072
    },
    "1": {
      "name": "innode_1",
      "x_coord": 48.6811671875,
      "min_pressure": 101325.0,
      "id": 1,
      "max_pressure": 8.101325e6,
      "elevation": 0.0,
      "y_coord": 8.46216553204
    },
    "24": {
      "name": "sink_23",
      "x_coord": 48.9965039215,
      "min_pressure": 101325.0,
      "id": 24,
      "max_pressure": 8.101325e6,
      "elevation": 0.0,
      "y_coord": 6.98540104932
    },
    "12": {
      "name": "sink_12",
      "x_coord": 46.9361991326,
      "min_pressure": 101325.0,
      "id": 12,
      "max_pressure": 8.101325e6,
      "elevation": 0.0,
      "y_coord": 7.44437553119
    },
    "20": {
      "name": "sink_2",
      "x_coord": 48.459701438,
      "min_pressure": 101325.0,
      "id": 20,
      "max_pressure": 8.101325e6,
      "elevation": 0.0,
      "y_coord": 6.73248116159
    },
    "4": {
      "name": "innode_4",
      "x_coord": 49.7403095041,
      "min_pressure": 101325.0,
      "id": 4,
      "max_pressure": 8.101325e6,
      "elevation": 0.0,
      "y_coord": 8.94117028284
    },
    "2": {
      "name": "innode_2",
      "x_coord": 49.3334858508,
      "min_pressure": 101325.0,
      "id": 2,
      "max_pressure": 8.101325e6,
      "elevation": 0.0,
      "y_coord": 8.583339554
    },
    "25": {
      "name": "sink_24",
      "x_coord": 47.0633496609,
      "min_pressure": 101325.0,
      "id": 25,
      "max_pressure": 8.101325e6,
      "elevation": 0.0,
      "y_coord": 7.37537769742
    },
    "6": {
      "name": "innode_6",
      "x_coord": 48.4488696592,
      "min_pressure": 101325.0,
      "id": 6,
      "max_pressure": 8.101325e6,
      "elevation": 0.0,
      "y_coord": 7.17535860736
    },
    "23": {
      "name": "sink_22",
      "x_coord": 47.0460984698,
      "min_pressure": 101325.0,
      "id": 23,
      "max_pressure": 8.101325e6,
      "elevation": 0.0,
      "y_coord": 6.70412987914
    },
    "22": {
      "name": "sink_21",
      "x_coord": 47.0380264306,
      "min_pressure": 101325.0,
      "id": 22,
      "max_pressure": 8.101325e6,
      "elevation": 0.0,
      "y_coord": 7.39141172381
    },
    "11": {
      "name": "sink_11",
      "x_coord": 48.6971572817,
      "min_pressure": 101325.0,
      "id": 11,
      "max_pressure": 8.101325e6,
      "elevation": 0.0,
      "y_coord": 8.42123710095
    },
    "35": {
      "name": "sink_7",
      "x_coord": 47.3369727255,
      "min_pressure": 101325.0,
      "id": 35,
      "max_pressure": 8.101325e6,
      "elevation": 0.0,
      "y_coord": 7.06050754884
    },
    "13": {
      "name": "sink_13",
      "x_coord": 48.5215554511,
      "min_pressure": 101325.0,
      "id": 13,
      "max_pressure": 8.101325e6,
      "elevation": 0.0,
      "y_coord": 7.44570784066
    },
    "27": {
      "name": "sink_26",
      "x_coord": 47.7185810751,
      "min_pressure": 101325.0,
      "id": 27,
      "max_pressure": 8.101325e6,
      "elevation": 0.0,
      "y_coord": 6.68272868748
    },
    "31": {
      "name": "sink_3",
      "x_coord": 48.885442716,
      "min_pressure": 101325.0,
      "id": 31,
      "max_pressure": 8.101325e6,
      "elevation": 0.0,
      "y_coord": 6.97077467828
    },
    "5": {
      "name": "innode_5",
      "x_coord": 49.7568273333,
      "min_pressure": 101325.0,
      "id": 5,
      "max_pressure": 8.101325e6,
      "elevation": 0.0,
      "y_coord": 8.90117691783
    },
    "15": {
      "name": "sink_15",
      "x_coord": 48.5065941308,
      "min_pressure": 101325.0,
      "id": 15,
      "max_pressure": 8.101325e6,
      "elevation": 0.0,
      "y_coord": 6.89011537273
    },
    "33": {
      "name": "sink_5",
      "x_coord": 47.443686524,
      "min_pressure": 101325.0,
      "id": 33,
      "max_pressure": 8.101325e6,
      "elevation": 0.0,
      "y_coord": 7.16001963256
    },
    "28": {
      "name": "sink_27",
      "x_coord": 49.5990665066,
      "min_pressure": 101325.0,
      "id": 28,
      "max_pressure": 8.101325e6,
      "elevation": 0.0,
      "y_coord": 8.52297468917
    },
    "16": {
      "name": "sink_16",
      "x_coord": 48.4333749364,
      "min_pressure": 101325.0,
      "id": 16,
      "max_pressure": 8.101325e6,
      "elevation": 0.0,
      "y_coord": 9.43465849075
    },
    "14": {
      "name": "sink_14",
      "x_coord": 48.5489388283,
      "min_pressure": 101325.0,
      "id": 14,
      "max_pressure": 8.101325e6,
      "elevation": 0.0,
      "y_coord": 7.53102691462
    },
    "39": {
      "name": "source_2",
      "x_coord": 48.8195473681,
      "min_pressure": 101325.0,
      "id": 39,
      "max_pressure": 8.101325e6,
      "elevation": 0.0,
      "y_coord": 6.03796563153
    },
    "40": {
      "name": "source_3",
      "x_coord": 49.7619017195,
      "min_pressure": 101325.0,
      "id": 40,
      "max_pressure": 8.101325e6,
      "elevation": 0.0,
      "y_coord": 8.97279305602
    },
    "38": {
      "name": "source_1",
      "x_coord": 48.9636070987,
      "min_pressure": 101325.0,
      "id": 38,
      "max_pressure": 8.101325e6,
      "elevation": 0.0,
      "y_coord": 6.83756607565
    },
    "21": {
      "name": "sink_20",
      "x_coord": 47.8567226888,
      "min_pressure": 101325.0,
      "id": 21,
      "max_pressure": 8.101325e6,
      "elevation": 0.0,
      "y_coord": 7.29728251758
    },
    "7": {
      "name": "innode_7",
      "x_coord": 48.8104610444,
      "min_pressure": 101325.0,
      "id": 7,
      "max_pressure": 8.101325e6,
      "elevation": 0.0,
      "y_coord": 6.07663431277
    },
    "34": {
      "name": "sink_6",
      "x_coord": 47.3275079104,
      "min_pressure": 101325.0,
      "id": 34,
      "max_pressure": 8.101325e6,
      "elevation": 0.0,
      "y_coord": 7.01216228711
    },
    "8": {
      "name": "innode_8",
      "x_coord": 48.8570163856,
      "min_pressure": 101325.0,
      "id": 8,
      "max_pressure": 8.101325e6,
      "elevation": 0.0,
      "y_coord": 6.99100680564
    },
    "36": {
      "name": "sink_8",
      "x_coord": 47.6849157863,
      "min_pressure": 101325.0,
      "id": 36,
      "max_pressure": 8.101325e6,
      "elevation": 0.0,
      "y_coord": 7.33432182486
    },
    "26": {
      "name": "sink_25",
      "x_coord": 48.4394407366,
      "min_pressure": 101325.0,
      "id": 26,
      "max_pressure": 8.101325e6,
      "elevation": 0.0,
      "y_coord": 7.12595044104
    },
    "17": {
      "name": "sink_17",
      "x_coord": 47.6232526053,
      "min_pressure": 101325.0,
      "id": 17,
      "max_pressure": 8.101325e6,
      "elevation": 0.0,
      "y_coord": 7.22930308682
    },
    "10": {
      "name": "sink_10",
      "x_coord": 48.7974633765,
      "min_pressure": 101325.0,
      "id": 10,
      "max_pressure": 8.101325e6,
      "elevation": 0.0,
      "y_coord": 8.22677735937
    },
    "19": {
      "name": "sink_19",
      "x_coord": 49.3632855469,
      "min_pressure": 101325.0,
      "id": 19,
      "max_pressure": 8.101325e6,
      "elevation": 0.0,
      "y_coord": 8.56821772295
    },
    "37": {
      "name": "sink_9",
      "x_coord": 47.5761839373,
      "min_pressure": 101325.0,
      "id": 37,
      "max_pressure": 8.101325e6,
      "elevation": 0.0,
      "y_coord": 6.61723223779
    },
    "9": {
      "name": "sink_1",
      "x_coord": 46.9192512725,
      "min_pressure": 101325.0,
      "id": 9,
      "max_pressure": 8.101325e6,
      "elevation": 0.0,
      "y_coord": 6.55671455828
    },
    "18": {
      "name": "sink_18",
      "x_coord": 47.488271936,
      "min_pressure": 101325.0,
      "id": 18,
      "max_pressure": 8.101325e6,
      "elevation": 0.0,
      "y_coord": 6.64669590696
    },
    "30": {
      "name": "sink_29",
      "x_coord": 48.6858521349,
      "min_pressure": 101325.0,
      "id": 30,
      "max_pressure": 8.101325e6,
      "elevation": 0.0,
      "y_coord": 6.48271145481
    },
    "3": {
      "name": "innode_3",
      "x_coord": 49.3537539296,
      "min_pressure": 101325.0,
      "id": 3,
      "max_pressure": 8.101325e6,
      "elevation": 0.0,
      "y_coord": 8.52259820008
    }
  },
  "short_pipes": {},
  "valves": {},
  "receipts": {
    "1": {
      "name": "source_1",
      "id": 1,
      "node_id": 38
    },
    "2": {
      "name": "source_2",
      "id": 2,
      "node_id": 39
    },
    "3": {
      "name": "source_3",
      "id": 3,
      "node_id": 40
    }
  },
  "pipes": {
    "32": {
      "friction_factor": 0.010973250811241193,
      "diameter": 0.8,
      "min_flow": -2180.5556,
      "length": 65057.174267899994,
      "name": "pipe_38",
      "min_pressure": 101325.0,
      "to_node": 2,
      "max_flow": 2180.5556,
      "id": 32,
      "max_pressure": 8.101325e6,
      "fr_node": 10
    },
    "29": {
      "friction_factor": 0.010540876775273886,
      "diameter": 1.0,
      "min_flow": -2180.5556,
      "length": 32449.372045300002,
      "name": "pipe_35",
      "min_pressure": 101325.0,
      "to_node": 5,
      "max_flow": 2180.5556,
      "id": 29,
      "max_pressure": 8.101325e6,
      "fr_node": 28
    },
    "1": {
      "friction_factor": 0.010540876775273886,
      "diameter": 1.0,
      "min_flow": -2180.5556,
      "length": 13071.0852297,
      "name": "pipe_1",
      "min_pressure": 101325.0,
      "to_node": 31,
      "max_flow": 2180.5556,
      "id": 1,
      "max_pressure": 8.101325e6,
      "fr_node": 38
    },
    "24": {
      "friction_factor": 0.010540876775273886,
      "diameter": 1.0,
      "min_flow": -2180.5556,
      "length": 12766.7034136,
      "name": "pipe_30",
      "min_pressure": 101325.0,
      "to_node": 15,
      "max_flow": 2180.5556,
      "id": 24,
      "max_pressure": 8.101325e6,
      "fr_node": 20
    },
    "12": {
      "friction_factor": 0.010973250811241193,
      "diameter": 0.8,
      "min_flow": -2180.5556,
      "length": 76893.5507568,
      "name": "pipe_2",
      "min_pressure": 101325.0,
      "to_node": 16,
      "max_flow": 2180.5556,
      "id": 12,
      "max_pressure": 8.101325e6,
      "fr_node": 1
    },
    "20": {
      "friction_factor": 0.010973250811241193,
      "diameter": 0.8,
      "min_flow": -2180.5556,
      "length": 36061.0098747,
      "name": "pipe_27",
      "min_pressure": 101325.0,
      "to_node": 30,
      "max_flow": 2180.5556,
      "id": 20,
      "max_pressure": 8.101325e6,
      "fr_node": 15
    },
    "4": {
      "friction_factor": 0.010973250811241193,
      "diameter": 0.8,
      "min_flow": -2180.5556,
      "length": 47488.2838523,
      "name": "pipe_12",
      "min_pressure": 101325.0,
      "to_node": 8,
      "max_flow": 2180.5556,
      "id": 4,
      "max_pressure": 8.101325e6,
      "fr_node": 26
    },
    "2": {
      "friction_factor": 0.011571080112749195,
      "diameter": 0.6,
      "min_flow": -2180.5556,
      "length": 20322.2054259,
      "name": "pipe_10",
      "min_pressure": 101325.0,
      "to_node": 21,
      "max_flow": 2180.5556,
      "id": 2,
      "max_pressure": 8.101325e6,
      "fr_node": 32
    },
    "25": {
      "friction_factor": 0.010973250811241193,
      "diameter": 0.8,
      "min_flow": -2180.5556,
      "length": 32921.259815,
      "name": "pipe_31",
      "min_pressure": 101325.0,
      "to_node": 7,
      "max_flow": 2180.5556,
      "id": 25,
      "max_pressure": 8.101325e6,
      "fr_node": 30
    },
    "6": {
      "friction_factor": 0.010973250811241193,
      "diameter": 0.8,
      "min_flow": -2180.5556,
      "length": 39036.0418114,
      "name": "pipe_14",
      "min_pressure": 101325.0,
      "to_node": 23,
      "max_flow": 2180.5556,
      "id": 6,
      "max_pressure": 8.101325e6,
      "fr_node": 34
    },
    "23": {
      "friction_factor": 0.010540876775273886,
      "diameter": 1.0,
      "min_flow": -2180.5556,
      "length": 21557.5661917,
      "name": "pipe_3",
      "min_pressure": 101325.0,
      "to_node": 13,
      "max_flow": 2180.5556,
      "id": 23,
      "max_pressure": 8.101325e6,
      "fr_node": 6
    },
    "22": {
      "friction_factor": 0.010973250811241193,
      "diameter": 0.8,
      "min_flow": -2180.5556,
      "length": 31179.6191038,
      "name": "pipe_29",
      "min_pressure": 101325.0,
      "to_node": 20,
      "max_flow": 2180.5556,
      "id": 22,
      "max_pressure": 8.101325e6,
      "fr_node": 30
    },
    "11": {
      "friction_factor": 0.012500256972936696,
      "diameter": 0.4,
      "min_flow": -2180.5556,
      "length": 14043.1135378,
      "name": "pipe_19",
      "min_pressure": 101325.0,
      "to_node": 33,
      "max_flow": 2180.5556,
      "id": 11,
      "max_pressure": 8.101325e6,
      "fr_node": 35
    },
    "35": {
      "friction_factor": 0.010973250811241193,
      "diameter": 0.8,
      "min_flow": -2180.5556,
      "length": 58218.9695531,
      "name": "pipe_5",
      "min_pressure": 101325.0,
      "to_node": 10,
      "max_flow": 2180.5556,
      "id": 35,
      "max_pressure": 8.101325e6,
      "fr_node": 14
    },
    "13": {
      "friction_factor": 0.011571080112749195,
      "diameter": 0.6,
      "min_flow": -2180.5556,
      "length": 20634.698268800003,
      "name": "pipe_20",
      "min_pressure": 101325.0,
      "to_node": 17,
      "max_flow": 2180.5556,
      "id": 13,
      "max_pressure": 8.101325e6,
      "fr_node": 33
    },
    "27": {
      "friction_factor": 0.008595949715091228,
      "diameter": 0.8,
      "min_flow": -2180.5556,
      "length": 3479.45466552,
      "name": "pipe_33",
      "min_pressure": 101325.0,
      "to_node": 3,
      "max_flow": 2180.5556,
      "id": 27,
      "max_pressure": 8.101325e6,
      "fr_node": 19
    },
    "5": {
      "friction_factor": 0.011571080112749195,
      "diameter": 0.6,
      "min_flow": -2180.5556,
      "length": 3802.5866770499997,
      "name": "pipe_13",
      "min_pressure": 101325.0,
      "to_node": 35,
      "max_flow": 2180.5556,
      "id": 5,
      "max_pressure": 8.101325e6,
      "fr_node": 34
    },
    "31": {
      "friction_factor": 0.010540876775273886,
      "diameter": 1.0,
      "min_flow": -2180.5556,
      "length": 18136.5972918,
      "name": "pipe_37",
      "min_pressure": 101325.0,
      "to_node": 11,
      "max_flow": 2180.5556,
      "id": 31,
      "max_pressure": 8.101325e6,
      "fr_node": 10
    },
    "15": {
      "friction_factor": 0.011571080112749195,
      "diameter": 0.6,
      "min_flow": -2180.5556,
      "length": 10452.031178000001,
      "name": "pipe_22",
      "min_pressure": 101325.0,
      "to_node": 36,
      "max_flow": 2180.5556,
      "id": 15,
      "max_pressure": 8.101325e6,
      "fr_node": 17
    },
    "33": {
      "friction_factor": 0.010973250811241193,
      "diameter": 0.8,
      "min_flow": -2180.5556,
      "length": 65532.2127112,
      "name": "pipe_39",
      "min_pressure": 101325.0,
      "to_node": 3,
      "max_flow": 2180.5556,
      "id": 33,
      "max_pressure": 8.101325e6,
      "fr_node": 10
    },
    "28": {
      "friction_factor": 0.00829514526307096,
      "diameter": 1.0,
      "min_flow": -2180.5556,
      "length": 3418.00825125,
      "name": "pipe_34",
      "min_pressure": 101325.0,
      "to_node": 5,
      "max_flow": 2180.5556,
      "id": 28,
      "max_pressure": 8.101325e6,
      "fr_node": 4
    },
    "16": {
      "friction_factor": 0.010973250811241193,
      "diameter": 0.8,
      "min_flow": -2180.5556,
      "length": 12397.3521636,
      "name": "pipe_23",
      "min_pressure": 101325.0,
      "to_node": 24,
      "max_flow": 2180.5556,
      "id": 16,
      "max_pressure": 8.101325e6,
      "fr_node": 31
    },
    "14": {
      "friction_factor": 0.011571080112749195,
      "diameter": 0.6,
      "min_flow": -2180.5556,
      "length": 10586.1294733,
      "name": "pipe_21",
      "min_pressure": 101325.0,
      "to_node": 32,
      "max_flow": 2180.5556,
      "id": 14,
      "max_pressure": 8.101325e6,
      "fr_node": 17
    },
    "39": {
      "friction_factor": 0.011571080112749195,
      "diameter": 0.6,
      "min_flow": -2180.5556,
      "length": 35218.8390867,
      "name": "pipe_9",
      "min_pressure": 101325.0,
      "to_node": 32,
      "max_flow": 2180.5556,
      "id": 39,
      "max_pressure": 8.101325e6,
      "fr_node": 27
    },
    "21": {
      "friction_factor": 0.010973250811241193,
      "diameter": 0.8,
      "min_flow": -2180.5556,
      "length": 22224.1532472,
      "name": "pipe_28",
      "min_pressure": 101325.0,
      "to_node": 29,
      "max_flow": 2180.5556,
      "id": 21,
      "max_pressure": 8.101325e6,
      "fr_node": 30
    },
    "38": {
      "friction_factor": 0.011571080112749195,
      "diameter": 0.6,
      "min_flow": -2180.5556,
      "length": 10022.7829812,
      "name": "pipe_8",
      "min_pressure": 101325.0,
      "to_node": 18,
      "max_flow": 2180.5556,
      "id": 38,
      "max_pressure": 8.101325e6,
      "fr_node": 37
    },
    "7": {
      "friction_factor": 0.012500256972936696,
      "diameter": 0.4,
      "min_flow": -2180.5556,
      "length": 38659.824363,
      "name": "pipe_15",
      "min_pressure": 101325.0,
      "to_node": 25,
      "max_flow": 2180.5556,
      "id": 7,
      "max_pressure": 8.101325e6,
      "fr_node": 35
    },
    "34": {
      "friction_factor": 0.010540876775273886,
      "diameter": 1.0,
      "min_flow": -2180.5556,
      "length": 6998.05377872,
      "name": "pipe_4",
      "min_pressure": 101325.0,
      "to_node": 14,
      "max_flow": 2180.5556,
      "id": 34,
      "max_pressure": 8.101325e6,
      "fr_node": 13
    },
    "8": {
      "friction_factor": 0.011571080112749195,
      "diameter": 0.6,
      "min_flow": -2180.5556,
      "length": 18017.8496012,
      "name": "pipe_16",
      "min_pressure": 101325.0,
      "to_node": 9,
      "max_flow": 2180.5556,
      "id": 8,
      "max_pressure": 8.101325e6,
      "fr_node": 23
    },
    "36": {
      "friction_factor": 0.010973250811241193,
      "diameter": 0.8,
      "min_flow": -2180.5556,
      "length": 86690.2655668,
      "name": "pipe_6",
      "min_pressure": 101325.0,
      "to_node": 27,
      "max_flow": 2180.5556,
      "id": 36,
      "max_pressure": 8.101325e6,
      "fr_node": 26
    },
    "26": {
      "friction_factor": 0.010973250811241193,
      "diameter": 0.8,
      "min_flow": -2180.5556,
      "length": 49866.1483875,
      "name": "pipe_32",
      "min_pressure": 101325.0,
      "to_node": 19,
      "max_flow": 2180.5556,
      "id": 26,
      "max_pressure": 8.101325e6,
      "fr_node": 4
    },
    "17": {
      "friction_factor": 0.011571080112749195,
      "diameter": 0.6,
      "min_flow": -2180.5556,
      "length": 19303.1920196,
      "name": "pipe_24",
      "min_pressure": 101325.0,
      "to_node": 21,
      "max_flow": 2180.5556,
      "id": 17,
      "max_pressure": 8.101325e6,
      "fr_node": 36
    },
    "10": {
      "friction_factor": 0.012500256972936696,
      "diameter": 0.4,
      "min_flow": -2180.5556,
      "length": 12015.8748344,
      "name": "pipe_18",
      "min_pressure": 101325.0,
      "to_node": 12,
      "max_flow": 2180.5556,
      "id": 10,
      "max_pressure": 8.101325e6,
      "fr_node": 22
    },
    "19": {
      "friction_factor": 0.010540876775273886,
      "diameter": 1.0,
      "min_flow": -2180.5556,
      "length": 18969.412711099998,
      "name": "pipe_26",
      "min_pressure": 101325.0,
      "to_node": 15,
      "max_flow": 2180.5556,
      "id": 19,
      "max_pressure": 8.101325e6,
      "fr_node": 26
    },
    "37": {
      "friction_factor": 0.011571080112749195,
      "diameter": 0.6,
      "min_flow": -2180.5556,
      "length": 16579.3259985,
      "name": "pipe_7",
      "min_pressure": 101325.0,
      "to_node": 37,
      "max_flow": 2180.5556,
      "id": 37,
      "max_pressure": 8.101325e6,
      "fr_node": 27
    },
    "9": {
      "friction_factor": 0.011571080112749195,
      "diameter": 0.6,
      "min_flow": -2180.5556,
      "length": 3067.54743994,
      "name": "pipe_17",
      "min_pressure": 101325.0,
      "to_node": 22,
      "max_flow": 2180.5556,
      "id": 9,
      "max_pressure": 8.101325e6,
      "fr_node": 25
    },
    "18": {
      "friction_factor": 0.011571080112749195,
      "diameter": 0.6,
      "min_flow": -2180.5556,
      "length": 66036.5946309,
      "name": "pipe_25",
      "min_pressure": 101325.0,
      "to_node": 21,
      "max_flow": 2180.5556,
      "id": 18,
      "max_pressure": 8.101325e6,
      "fr_node": 26
    },
    "30": {
      "friction_factor": 0.010973250811241193,
      "diameter": 0.8,
      "min_flow": -2180.5556,
      "length": 26427.4816453,
      "name": "pipe_36",
      "min_pressure": 101325.0,
      "to_node": 19,
      "max_flow": 2180.5556,
      "id": 30,
      "max_pressure": 8.101325e6,
      "fr_node": 28
    },
    "3": {
      "friction_factor": 0.010973250811241193,
      "diameter": 0.8,
      "min_flow": -2180.5556,
      "length": 32868.2025259,
      "name": "pipe_11",
      "min_pressure": 101325.0,
      "to_node": 34,
      "max_flow": 2180.5556,
      "id": 3,
      "max_pressure": 8.101325e6,
      "fr_node": 18
    }
  },
  "resistors": {},
  "loss_resistors": {},
  "compressors": {
    "4": {
      "min_flow": -2180.5556,
      "name": "compressorStation_4",
      "to_node": 4,
      "max_flow": 2180.5556,
      "max_c_ratio": 2.2897713074250525,
      "id": 4,
      "min_c_ratio": 1.0,
      "fuel_node": 40,
      "internal_bypass_required": 1,
      "max_power": 2.4243872243367662e9,
      "fr_node": 40
    },
    "1": {
      "min_flow": -2180.5556,
      "name": "compressorStation_1",
      "to_node": 26,
      "max_flow": 2180.5556,
      "max_c_ratio": 2.2897713074250525,
      "id": 1,
      "min_c_ratio": 1.0,
      "fuel_node": 26,
      "internal_bypass_required": 1,
      "max_power": 2.4243872243367662e9,
      "fr_node": 6
    },
    "5": {
      "min_flow": -2180.5556,
      "name": "compressorStation_5",
      "to_node": 7,
      "max_flow": 2180.5556,
      "max_c_ratio": 2.2897713074250525,
      "id": 5,
      "min_c_ratio": 1.0,
      "fuel_node": 39,
      "internal_bypass_required": 1,
      "max_power": 2.4243872243367662e9,
      "fr_node": 39
    },
    "2": {
      "min_flow": -2180.5556,
      "name": "compressorStation_2",
      "to_node": 1,
      "max_flow": 2180.5556,
      "max_c_ratio": 2.2897713074250525,
      "id": 2,
      "min_c_ratio": 1.0,
      "fuel_node": 11,
      "internal_bypass_required": 1,
      "max_power": 2.4243872243367662e9,
      "fr_node": 11
    },
    "6": {
      "min_flow": -2180.5556,
      "name": "compressorStation_6",
      "to_node": 8,
      "max_flow": 2180.5556,
      "max_c_ratio": 2.2897713074250525,
      "id": 6,
      "min_c_ratio": 1.0,
      "fuel_node": 31,
      "internal_bypass_required": 1,
      "max_power": 2.4243872243367662e9,
      "fr_node": 31
    },
    "3": {
      "min_flow": -2180.5556,
      "name": "compressorStation_3",
      "to_node": 2,
      "max_flow": 2180.5556,
      "max_c_ratio": 2.2897713074250525,
      "id": 3,
      "min_c_ratio": 1.0,
      "fuel_node": 19,
      "internal_bypass_required": 1,
      "max_power": 2.4243872243367662e9,
      "fr_node": 19
    }
  },
  "control_valves": {},
  "deliveries": {
    "24": {
      "name": "sink_4",
      "id": 24,
      "node_id": 32
    },
    "4": {
      "name": "sink_12",
      "id": 4,
      "node_id": 12
    },
    "1": {
      "name": "sink_1",
      "id": 1,
      "node_id": 9
    },
    "12": {
      "name": "sink_2",
      "id": 12,
      "node_id": 20
    },
    "29": {
      "name": "sink_9",
      "id": 29,
      "node_id": 37
    },
    "20": {
      "name": "sink_27",
      "id": 20,
      "node_id": 28
    },
    "2": {
      "name": "sink_10",
      "id": 2,
      "node_id": 10
    },
    "25": {
      "name": "sink_5",
      "id": 25,
      "node_id": 33
    },
    "6": {
      "name": "sink_14",
      "id": 6,
      "node_id": 14
    },
    "23": {
      "name": "sink_3",
      "id": 23,
      "node_id": 31
    },
    "22": {
      "name": "sink_29",
      "id": 22,
      "node_id": 30
    },
    "11": {
      "name": "sink_19",
      "id": 11,
      "node_id": 19
    },
    "13": {
      "name": "sink_20",
      "id": 13,
      "node_id": 21
    },
    "5": {
      "name": "sink_13",
      "id": 5,
      "node_id": 13
    },
    "15": {
      "name": "sink_22",
      "id": 15,
      "node_id": 23
    },
    "27": {
      "name": "sink_7",
      "id": 27,
      "node_id": 35
    },
    "28": {
      "name": "sink_8",
      "id": 28,
      "node_id": 36
    },
    "16": {
      "name": "sink_23",
      "id": 16,
      "node_id": 24
    },
    "14": {
      "name": "sink_21",
      "id": 14,
      "node_id": 22
    },
    "21": {
      "name": "sink_28",
      "id": 21,
      "node_id": 29
    },
    "7": {
      "name": "sink_15",
      "id": 7,
      "node_id": 15
    },
    "8": {
      "name": "sink_16",
      "id": 8,
      "node_id": 16
    },
    "26": {
      "name": "sink_6",
      "id": 26,
      "node_id": 34
    },
    "17": {
      "name": "sink_24",
      "id": 17,
      "node_id": 25
    },
    "19": {
      "name": "sink_26",
      "id": 19,
      "node_id": 27
    },
    "10": {
      "name": "sink_18",
      "id": 10,
      "node_id": 18
    },
    "9": {
      "name": "sink_17",
      "id": 9,
      "node_id": 17
    },
    "18": {
      "name": "sink_25",
      "id": 18,
      "node_id": 26
    },
    "3": {
      "name": "sink_11",
      "id": 3,
      "node_id": 11
    }
  }
}
