{
  "nodes": {
    "105": {
      "name": "sink_77",
      "x_coord": 53.618051552,
      "min_pressure": 101325.0,
      "id": 105,
      "max_pressure": 8.101325e6,
      "elevation": 0.0,
      "y_coord": 11.276254355
    },
    "32": {
      "name": "sink_10",
      "x_coord": 49.5908236734,
      "min_pressure": 101325.0,
      "id": 32,
      "max_pressure": 8.101325e6,
      "elevation": 0.0,
      "y_coord": 14.0670633001
    },
    "1": {
      "name": "innode_1",
      "x_coord": 48.4587070569,
      "min_pressure": 101325.0,
      "id": 1,
      "max_pressure": 8.101325e6,
      "elevation": 0.0,
      "y_coord": 7.27669879749
    },
    "54": {
      "name": "sink_30",
      "x_coord": 50.9196096256,
      "min_pressure": 101325.0,
      "id": 54,
      "max_pressure": 8.101325e6,
      "elevation": 0.0,
      "y_coord": 7.44172601409
    },
    "81": {
      "name": "sink_55",
      "x_coord": 49.8834196463,
      "min_pressure": 101325.0,
      "id": 81,
      "max_pressure": 8.101325e6,
      "elevation": 0.0,
      "y_coord": 6.49667240973
    },
    "101": {
      "name": "sink_73",
      "x_coord": 53.3635634257,
      "min_pressure": 101325.0,
      "id": 101,
      "max_pressure": 8.101325e6,
      "elevation": 0.0,
      "y_coord": 10.9699523139
    },
    "109": {
      "name": "sink_80",
      "x_coord": 54.8594780032,
      "min_pressure": 101325.0,
      "id": 109,
      "max_pressure": 8.101325e6,
      "elevation": 0.0,
      "y_coord": 16.3758891467
    },
    "2": {
      "name": "innode_10",
      "x_coord": 49.6847953078,
      "min_pressure": 101325.0,
      "id": 2,
      "max_pressure": 8.101325e6,
      "elevation": 0.0,
      "y_coord": 8.66017387757
    },
    "132": {
      "name": "source_3",
      "x_coord": 52.1648330013,
      "min_pressure": 101325.0,
      "id": 132,
      "max_pressure": 8.101325e6,
      "elevation": 0.0,
      "y_coord": 19.40125675
    },
    "29": {
      "name": "innode_8",
      "x_coord": 49.4445153155,
      "min_pressure": 101325.0,
      "id": 29,
      "max_pressure": 8.101325e6,
      "elevation": 0.0,
      "y_coord": 8.81464515284
    },
    "78": {
      "name": "sink_52",
      "x_coord": 50.2431850443,
      "min_pressure": 101325.0,
      "id": 78,
      "max_pressure": 8.101325e6,
      "elevation": 0.0,
      "y_coord": 10.6314510031
    },
    "41": {
      "name": "sink_19",
      "x_coord": 50.8516235299,
      "min_pressure": 101325.0,
      "id": 41,
      "max_pressure": 8.101325e6,
      "elevation": 0.0,
      "y_coord": 15.1006752803
    },
    "74": {
      "name": "sink_49",
      "x_coord": 50.3047061679,
      "min_pressure": 101325.0,
      "id": 74,
      "max_pressure": 8.101325e6,
      "elevation": 0.0,
      "y_coord": 9.85691317593
    },
    "65": {
      "name": "sink_40",
      "x_coord": 48.1495557655,
      "min_pressure": 101325.0,
      "id": 65,
      "max_pressure": 8.101325e6,
      "elevation": 0.0,
      "y_coord": 11.9065729392
    },
    "51": {
      "name": "sink_28",
      "x_coord": 49.9114506798,
      "min_pressure": 101325.0,
      "id": 51,
      "max_pressure": 8.101325e6,
      "elevation": 0.0,
      "y_coord": 10.8764510923
    },
    "53": {
      "name": "sink_3",
      "x_coord": 52.713093061,
      "min_pressure": 101325.0,
      "id": 53,
      "max_pressure": 8.101325e6,
      "elevation": 0.0,
      "y_coord": 10.6960054454
    },
    "106": {
      "name": "sink_78",
      "x_coord": 54.7757998073,
      "min_pressure": 101325.0,
      "id": 106,
      "max_pressure": 8.101325e6,
      "elevation": 0.0,
      "y_coord": 17.947575187
    },
    "119": {
      "name": "sink_9",
      "x_coord": 52.9274275341,
      "min_pressure": 101325.0,
      "id": 119,
      "max_pressure": 8.101325e6,
      "elevation": 0.0,
      "y_coord": 9.80129779722
    },
    "27": {
      "name": "innode_6",
      "x_coord": 49.4445153155,
      "min_pressure": 101325.0,
      "id": 27,
      "max_pressure": 8.101325e6,
      "elevation": 0.0,
      "y_coord": 8.81464515284
    },
    "75": {
      "name": "sink_5",
      "x_coord": 54.3424074064,
      "min_pressure": 101325.0,
      "id": 75,
      "max_pressure": 8.101325e6,
      "elevation": 0.0,
      "y_coord": 12.3037540541
    },
    "42": {
      "name": "sink_2",
      "x_coord": 54.7328347455,
      "min_pressure": 101325.0,
      "id": 42,
      "max_pressure": 8.101325e6,
      "elevation": 0.0,
      "y_coord": 18.1588000525
    },
    "33": {
      "name": "sink_11",
      "x_coord": 54.8083686961,
      "min_pressure": 101325.0,
      "id": 33,
      "max_pressure": 8.101325e6,
      "elevation": 0.0,
      "y_coord": 18.1004119765
    },
    "28": {
      "name": "innode_7",
      "x_coord": 49.4445153155,
      "min_pressure": 101325.0,
      "id": 28,
      "max_pressure": 8.101325e6,
      "elevation": 0.0,
      "y_coord": 8.81464515284
    },
    "50": {
      "name": "sink_27",
      "x_coord": 50.631856752,
      "min_pressure": 101325.0,
      "id": 50,
      "max_pressure": 8.101325e6,
      "elevation": 0.0,
      "y_coord": 8.41421640055
    },
    "52": {
      "name": "sink_29",
      "x_coord": 47.2275130833,
      "min_pressure": 101325.0,
      "id": 52,
      "max_pressure": 8.101325e6,
      "elevation": 0.0,
      "y_coord": 12.0628395795
    },
    "111": {
      "name": "sink_82",
      "x_coord": 55.6032237697,
      "min_pressure": 101325.0,
      "id": 111,
      "max_pressure": 8.101325e6,
      "elevation": 0.0,
      "y_coord": 12.4274388603
    },
    "63": {
      "name": "sink_39",
      "x_coord": 48.9143348221,
      "min_pressure": 101325.0,
      "id": 63,
      "max_pressure": 8.101325e6,
      "elevation": 0.0,
      "y_coord": 12.0658998038
    },
    "121": {
      "name": "sink_91",
      "x_coord": 53.4047306154,
      "min_pressure": 101325.0,
      "id": 121,
      "max_pressure": 8.101325e6,
      "elevation": 0.0,
      "y_coord": 10.8226566959
    },
    "115": {
      "name": "sink_86",
      "x_coord": 52.7007502943,
      "min_pressure": 101325.0,
      "id": 115,
      "max_pressure": 8.101325e6,
      "elevation": 0.0,
      "y_coord": 10.8482264747
    },
    "92": {
      "name": "sink_65",
      "x_coord": 52.0683614657,
      "min_pressure": 101325.0,
      "id": 92,
      "max_pressure": 8.101325e6,
      "elevation": 0.0,
      "y_coord": 16.1908162559
    },
    "88": {
      "name": "sink_61",
      "x_coord": 49.5611051374,
      "min_pressure": 101325.0,
      "id": 88,
      "max_pressure": 8.101325e6,
      "elevation": 0.0,
      "y_coord": 14.185155649
    },
    "93": {
      "name": "sink_66",
      "x_coord": 51.0550655315,
      "min_pressure": 101325.0,
      "id": 93,
      "max_pressure": 8.101325e6,
      "elevation": 0.0,
      "y_coord": 14.2901425989
    },
    "26": {
      "name": "innode_5",
      "x_coord": 48.0312976651,
      "min_pressure": 101325.0,
      "id": 26,
      "max_pressure": 8.101325e6,
      "elevation": 0.0,
      "y_coord": 11.9299534254
    },
    "10": {
      "name": "innode_18",
      "x_coord": 48.9143348221,
      "min_pressure": 101325.0,
      "id": 10,
      "max_pressure": 8.101325e6,
      "elevation": 0.0,
      "y_coord": 12.0658998038
    },
    "120": {
      "name": "sink_90",
      "x_coord": 55.5410955354,
      "min_pressure": 101325.0,
      "id": 120,
      "max_pressure": 8.101325e6,
      "elevation": 0.0,
      "y_coord": 20.3039044641
    },
    "77": {
      "name": "sink_51",
      "x_coord": 50.0018126235,
      "min_pressure": 101325.0,
      "id": 77,
      "max_pressure": 8.101325e6,
      "elevation": 0.0,
      "y_coord": 9.40566810455
    },
    "24": {
      "name": "innode_30",
      "x_coord": 49.6847953078,
      "min_pressure": 101325.0,
      "id": 24,
      "max_pressure": 8.101325e6,
      "elevation": 0.0,
      "y_coord": 8.66017387757
    },
    "87": {
      "name": "sink_60",
      "x_coord": 53.9389979665,
      "min_pressure": 101325.0,
      "id": 87,
      "max_pressure": 8.101325e6,
      "elevation": 0.0,
      "y_coord": 16.4010191648
    },
    "117": {
      "name": "sink_88",
      "x_coord": 54.9108736319,
      "min_pressure": 101325.0,
      "id": 117,
      "max_pressure": 8.101325e6,
      "elevation": 0.0,
      "y_coord": 13.3027669578
    },
    "58": {
      "name": "sink_34",
      "x_coord": 49.5532641327,
      "min_pressure": 101325.0,
      "id": 58,
      "max_pressure": 8.101325e6,
      "elevation": 0.0,
      "y_coord": 11.5162612582
    },
    "25": {
      "name": "innode_4",
      "x_coord": 48.0312976651,
      "min_pressure": 101325.0,
      "id": 25,
      "max_pressure": 8.101325e6,
      "elevation": 0.0,
      "y_coord": 11.9299534254
    },
    "114": {
      "name": "sink_85",
      "x_coord": 52.4462442493,
      "min_pressure": 101325.0,
      "id": 114,
      "max_pressure": 8.101325e6,
      "elevation": 0.0,
      "y_coord": 17.6115283862
    },
    "23": {
      "name": "innode_3",
      "x_coord": 49.5611051374,
      "min_pressure": 101325.0,
      "id": 23,
      "max_pressure": 8.101325e6,
      "elevation": 0.0,
      "y_coord": 14.185155649
    },
    "49": {
      "name": "sink_26",
      "x_coord": 49.7056268051,
      "min_pressure": 101325.0,
      "id": 49,
      "max_pressure": 8.101325e6,
      "elevation": 0.0,
      "y_coord": 11.4570097788
    },
    "59": {
      "name": "sink_35",
      "x_coord": 51.3669585673,
      "min_pressure": 101325.0,
      "id": 59,
      "max_pressure": 8.101325e6,
      "elevation": 0.0,
      "y_coord": 6.57401438485
    },
    "89": {
      "name": "sink_62",
      "x_coord": 51.5410452719,
      "min_pressure": 101325.0,
      "id": 89,
      "max_pressure": 8.101325e6,
      "elevation": 0.0,
      "y_coord": 11.1872435166
    },
    "5": {
      "name": "innode_13",
      "x_coord": 50.0018126235,
      "min_pressure": 101325.0,
      "id": 5,
      "max_pressure": 8.101325e6,
      "elevation": 0.0,
      "y_coord": 9.40566810455
    },
    "31": {
      "name": "sink_1",
      "x_coord": 52.5494875773,
      "min_pressure": 101325.0,
      "id": 31,
      "max_pressure": 8.101325e6,
      "elevation": 0.0,
      "y_coord": 16.6283968305
    },
    "62": {
      "name": "sink_38",
      "x_coord": 50.5213813529,
      "min_pressure": 101325.0,
      "id": 62,
      "max_pressure": 8.101325e6,
      "elevation": 0.0,
      "y_coord": 7.76233478019
    },
    "122": {
      "name": "sink_92",
      "x_coord": 55.2702339134,
      "min_pressure": 101325.0,
      "id": 122,
      "max_pressure": 8.101325e6,
      "elevation": 0.0,
      "y_coord": 17.1278854794
    },
    "43": {
      "name": "sink_20",
      "x_coord": 51.740295264,
      "min_pressure": 101325.0,
      "id": 43,
      "max_pressure": 8.101325e6,
      "elevation": 0.0,
      "y_coord": 16.7418725438
    },
    "90": {
      "name": "sink_63",
      "x_coord": 50.972102332,
      "min_pressure": 101325.0,
      "id": 90,
      "max_pressure": 8.101325e6,
      "elevation": 0.0,
      "y_coord": 7.2867485068
    },
    "39": {
      "name": "sink_17",
      "x_coord": 51.0827530069,
      "min_pressure": 101325.0,
      "id": 39,
      "max_pressure": 8.101325e6,
      "elevation": 0.0,
      "y_coord": 7.60239515563
    },
    "112": {
      "name": "sink_83",
      "x_coord": 55.534647963,
      "min_pressure": 101325.0,
      "id": 112,
      "max_pressure": 8.101325e6,
      "elevation": 0.0,
      "y_coord": 13.2496003813
    },
    "34": {
      "name": "sink_12",
      "x_coord": 51.0905477915,
      "min_pressure": 101325.0,
      "id": 34,
      "max_pressure": 8.101325e6,
      "elevation": 0.0,
      "y_coord": 16.5183928168
    },
    "44": {
      "name": "sink_21",
      "x_coord": 50.1444850954,
      "min_pressure": 101325.0,
      "id": 44,
      "max_pressure": 8.101325e6,
      "elevation": 0.0,
      "y_coord": 6.97115647618
    },
    "129": {
      "name": "sink_99",
      "x_coord": 55.818339106,
      "min_pressure": 101325.0,
      "id": 129,
      "max_pressure": 8.101325e6,
      "elevation": 0.0,
      "y_coord": 17.4635945429
    },
    "94": {
      "name": "sink_67",
      "x_coord": 51.9379768931,
      "min_pressure": 101325.0,
      "id": 94,
      "max_pressure": 8.101325e6,
      "elevation": 0.0,
      "y_coord": 15.7234672142
    },
    "55": {
      "name": "sink_31",
      "x_coord": 55.102772544,
      "min_pressure": 101325.0,
      "id": 55,
      "max_pressure": 8.101325e6,
      "elevation": 0.0,
      "y_coord": 18.2162325993
    },
    "86": {
      "name": "sink_6",
      "x_coord": 50.2537782981,
      "min_pressure": 101325.0,
      "id": 86,
      "max_pressure": 8.101325e6,
      "elevation": 0.0,
      "y_coord": 6.75333310745
    },
    "126": {
      "name": "sink_96",
      "x_coord": 54.4339379258,
      "min_pressure": 101325.0,
      "id": 126,
      "max_pressure": 8.101325e6,
      "elevation": 0.0,
      "y_coord": 12.2568428571
    },
    "17": {
      "name": "innode_24",
      "x_coord": 51.0550655315,
      "min_pressure": 101325.0,
      "id": 17,
      "max_pressure": 8.101325e6,
      "elevation": 0.0,
      "y_coord": 14.2901425989
    },
    "99": {
      "name": "sink_71",
      "x_coord": 48.4587070569,
      "min_pressure": 101325.0,
      "id": 99,
      "max_pressure": 8.101325e6,
      "elevation": 0.0,
      "y_coord": 7.27669879749
    },
    "71": {
      "name": "sink_46",
      "x_coord": 49.5688755917,
      "min_pressure": 101325.0,
      "id": 71,
      "max_pressure": 8.101325e6,
      "elevation": 0.0,
      "y_coord": 14.3071803568
    },
    "37": {
      "name": "sink_15",
      "x_coord": 51.6987943768,
      "min_pressure": 101325.0,
      "id": 37,
      "max_pressure": 8.101325e6,
      "elevation": 0.0,
      "y_coord": 15.2097250461
    },
    "47": {
      "name": "sink_24",
      "x_coord": 54.6855978733,
      "min_pressure": 101325.0,
      "id": 47,
      "max_pressure": 8.101325e6,
      "elevation": 0.0,
      "y_coord": 16.9071921026
    },
    "9": {
      "name": "innode_17",
      "x_coord": 48.9143348221,
      "min_pressure": 101325.0,
      "id": 9,
      "max_pressure": 8.101325e6,
      "elevation": 0.0,
      "y_coord": 12.0658998038
    },
    "73": {
      "name": "sink_48",
      "x_coord": 49.6458446582,
      "min_pressure": 101325.0,
      "id": 73,
      "max_pressure": 8.101325e6,
      "elevation": 0.0,
      "y_coord": 7.50936712039
    },
    "82": {
      "name": "sink_56",
      "x_coord": 49.5415148326,
      "min_pressure": 101325.0,
      "id": 82,
      "max_pressure": 8.101325e6,
      "elevation": 0.0,
      "y_coord": 8.19741394262
    },
    "12": {
      "name": "innode_2",
      "x_coord": 49.5611051374,
      "min_pressure": 101325.0,
      "id": 12,
      "max_pressure": 8.101325e6,
      "elevation": 0.0,
      "y_coord": 14.185155649
    },
    "79": {
      "name": "sink_53",
      "x_coord": 50.7473133281,
      "min_pressure": 101325.0,
      "id": 79,
      "max_pressure": 8.101325e6,
      "elevation": 0.0,
      "y_coord": 11.0485588235
    },
    "20": {
      "name": "innode_27",
      "x_coord": 47.2275130833,
      "min_pressure": 101325.0,
      "id": 20,
      "max_pressure": 8.101325e6,
      "elevation": 0.0,
      "y_coord": 12.0628395795
    },
    "6": {
      "name": "innode_14",
      "x_coord": 50.0018126235,
      "min_pressure": 101325.0,
      "id": 6,
      "max_pressure": 8.101325e6,
      "elevation": 0.0,
      "y_coord": 9.40566810455
    },
    "84": {
      "name": "sink_58",
      "x_coord": 48.0312976651,
      "min_pressure": 101325.0,
      "id": 84,
      "max_pressure": 8.101325e6,
      "elevation": 0.0,
      "y_coord": 11.9299534254
    },
    "80": {
      "name": "sink_54",
      "x_coord": 50.2018567882,
      "min_pressure": 101325.0,
      "id": 80,
      "max_pressure": 8.101325e6,
      "elevation": 0.0,
      "y_coord": 12.4290321924
    },
    "104": {
      "name": "sink_76",
      "x_coord": 55.7701815115,
      "min_pressure": 101325.0,
      "id": 104,
      "max_pressure": 8.101325e6,
      "elevation": 0.0,
      "y_coord": 13.2407790806
    },
    "125": {
      "name": "sink_95",
      "x_coord": 56.3247775357,
      "min_pressure": 101325.0,
      "id": 125,
      "max_pressure": 8.101325e6,
      "elevation": 0.0,
      "y_coord": 17.8346581408
    },
    "124": {
      "name": "sink_94",
      "x_coord": 52.8261561831,
      "min_pressure": 101325.0,
      "id": 124,
      "max_pressure": 8.101325e6,
      "elevation": 0.0,
      "y_coord": 10.1401078085
    },
    "98": {
      "name": "sink_70",
      "x_coord": 50.7062675928,
      "min_pressure": 101325.0,
      "id": 98,
      "max_pressure": 8.101325e6,
      "elevation": 0.0,
      "y_coord": 14.2512499863
    },
    "113": {
      "name": "sink_84",
      "x_coord": 52.4790988228,
      "min_pressure": 101325.0,
      "id": 113,
      "max_pressure": 8.101325e6,
      "elevation": 0.0,
      "y_coord": 17.3563947336
    },
    "110": {
      "name": "sink_81",
      "x_coord": 55.010833976,
      "min_pressure": 101325.0,
      "id": 110,
      "max_pressure": 8.101325e6,
      "elevation": 0.0,
      "y_coord": 15.8357550433
    },
    "70": {
      "name": "sink_45",
      "x_coord": 52.3697202602,
      "min_pressure": 101325.0,
      "id": 70,
      "max_pressure": 8.101325e6,
      "elevation": 0.0,
      "y_coord": 18.1874881972
    },
    "14": {
      "name": "innode_21",
      "x_coord": 50.2018567882,
      "min_pressure": 101325.0,
      "id": 14,
      "max_pressure": 8.101325e6,
      "elevation": 0.0,
      "y_coord": 12.4290321924
    },
    "127": {
      "name": "sink_97",
      "x_coord": 53.4649023956,
      "min_pressure": 101325.0,
      "id": 127,
      "max_pressure": 8.101325e6,
      "elevation": 0.0,
      "y_coord": 10.639683039
    },
    "7": {
      "name": "innode_15",
      "x_coord": 48.9143348221,
      "min_pressure": 101325.0,
      "id": 7,
      "max_pressure": 8.101325e6,
      "elevation": 0.0,
      "y_coord": 12.0658998038
    },
    "123": {
      "name": "sink_93",
      "x_coord": 55.066599972,
      "min_pressure": 101325.0,
      "id": 123,
      "max_pressure": 8.101325e6,
      "elevation": 0.0,
      "y_coord": 17.0397921956
    },
    "96": {
      "name": "sink_69",
      "x_coord": 50.7356319966,
      "min_pressure": 101325.0,
      "id": 96,
      "max_pressure": 8.101325e6,
      "elevation": 0.0,
      "y_coord": 14.2545420089
    },
    "57": {
      "name": "sink_33",
      "x_coord": 50.9865961256,
      "min_pressure": 101325.0,
      "id": 57,
      "max_pressure": 8.101325e6,
      "elevation": 0.0,
      "y_coord": 11.4186304296
    },
    "8": {
      "name": "innode_16",
      "x_coord": 48.9143348221,
      "min_pressure": 101325.0,
      "id": 8,
      "max_pressure": 8.101325e6,
      "elevation": 0.0,
      "y_coord": 12.0658998038
    },
    "64": {
      "name": "sink_4",
      "x_coord": 50.3393337093,
      "min_pressure": 101325.0,
      "id": 64,
      "max_pressure": 8.101325e6,
      "elevation": 0.0,
      "y_coord": 6.42162957053
    },
    "19": {
      "name": "innode_26",
      "x_coord": 51.0905477915,
      "min_pressure": 101325.0,
      "id": 19,
      "max_pressure": 8.101325e6,
      "elevation": 0.0,
      "y_coord": 16.5183928168
    },
    "91": {
      "name": "sink_64",
      "x_coord": 46.9042736611,
      "min_pressure": 101325.0,
      "id": 91,
      "max_pressure": 8.101325e6,
      "elevation": 0.0,
      "y_coord": 12.065367138
    },
    "107": {
      "name": "sink_79",
      "x_coord": 54.1883355098,
      "min_pressure": 101325.0,
      "id": 107,
      "max_pressure": 8.101325e6,
      "elevation": 0.0,
      "y_coord": 11.8610444968
    },
    "102": {
      "name": "sink_74",
      "x_coord": 54.8035291802,
      "min_pressure": 101325.0,
      "id": 102,
      "max_pressure": 8.101325e6,
      "elevation": 0.0,
      "y_coord": 14.8879108155
    },
    "69": {
      "name": "sink_44",
      "x_coord": 50.172753912,
      "min_pressure": 101325.0,
      "id": 69,
      "max_pressure": 8.101325e6,
      "elevation": 0.0,
      "y_coord": 13.6830150267
    },
    "60": {
      "name": "sink_36",
      "x_coord": 48.9876698295,
      "min_pressure": 101325.0,
      "id": 60,
      "max_pressure": 8.101325e6,
      "elevation": 0.0,
      "y_coord": 12.4137357127
    },
    "97": {
      "name": "sink_7",
      "x_coord": 51.978253579,
      "min_pressure": 101325.0,
      "id": 97,
      "max_pressure": 8.101325e6,
      "elevation": 0.0,
      "y_coord": 11.051838603
    },
    "4": {
      "name": "innode_12",
      "x_coord": 50.2431850443,
      "min_pressure": 101325.0,
      "id": 4,
      "max_pressure": 8.101325e6,
      "elevation": 0.0,
      "y_coord": 10.6314510031
    },
    "130": {
      "name": "source_1",
      "x_coord": 49.9630840592,
      "min_pressure": 101325.0,
      "id": 130,
      "max_pressure": 8.101325e6,
      "elevation": 0.0,
      "y_coord": 6.3113038847
    },
    "22": {
      "name": "innode_29",
      "x_coord": 50.2431850443,
      "min_pressure": 101325.0,
      "id": 22,
      "max_pressure": 8.101325e6,
      "elevation": 0.0,
      "y_coord": 10.6314510031
    },
    "11": {
      "name": "innode_19",
      "x_coord": 49.6553782111,
      "min_pressure": 101325.0,
      "id": 11,
      "max_pressure": 8.101325e6,
      "elevation": 0.0,
      "y_coord": 11.631795577
    },
    "35": {
      "name": "sink_13",
      "x_coord": 49.8335098882,
      "min_pressure": 101325.0,
      "id": 35,
      "max_pressure": 8.101325e6,
      "elevation": 0.0,
      "y_coord": 5.97311276276
    },
    "13": {
      "name": "innode_20",
      "x_coord": 49.6553782111,
      "min_pressure": 101325.0,
      "id": 13,
      "max_pressure": 8.101325e6,
      "elevation": 0.0,
      "y_coord": 11.631795577
    },
    "134": {
      "name": "source_5",
      "x_coord": 51.2691522429,
      "min_pressure": 101325.0,
      "id": 134,
      "max_pressure": 8.101325e6,
      "elevation": 0.0,
      "y_coord": 16.92158402
    },
    "133": {
      "name": "source_4",
      "x_coord": 48.4385134468,
      "min_pressure": 101325.0,
      "id": 133,
      "max_pressure": 8.101325e6,
      "elevation": 0.0,
      "y_coord": 7.24980624228
    },
    "131": {
      "name": "source_2",
      "x_coord": 51.5155786385,
      "min_pressure": 101325.0,
      "id": 131,
      "max_pressure": 8.101325e6,
      "elevation": 0.0,
      "y_coord": 17.2342831636
    },
    "15": {
      "name": "innode_22",
      "x_coord": 50.2018567882,
      "min_pressure": 101325.0,
      "id": 15,
      "max_pressure": 8.101325e6,
      "elevation": 0.0,
      "y_coord": 12.4290321924
    },
    "67": {
      "name": "sink_42",
      "x_coord": 55.8186292293,
      "min_pressure": 101325.0,
      "id": 67,
      "max_pressure": 8.101325e6,
      "elevation": 0.0,
      "y_coord": 13.1598144252
    },
    "61": {
      "name": "sink_37",
      "x_coord": 50.7198658106,
      "min_pressure": 101325.0,
      "id": 61,
      "max_pressure": 8.101325e6,
      "elevation": 0.0,
      "y_coord": 9.67072081531
    },
    "108": {
      "name": "sink_8",
      "x_coord": 53.7471474057,
      "min_pressure": 101325.0,
      "id": 108,
      "max_pressure": 8.101325e6,
      "elevation": 0.0,
      "y_coord": 9.88351691057
    },
    "118": {
      "name": "sink_89",
      "x_coord": 49.8228948768,
      "min_pressure": 101325.0,
      "id": 118,
      "max_pressure": 8.101325e6,
      "elevation": 0.0,
      "y_coord": 6.52593220631
    },
    "100": {
      "name": "sink_72",
      "x_coord": 51.298516157,
      "min_pressure": 101325.0,
      "id": 100,
      "max_pressure": 8.101325e6,
      "elevation": 0.0,
      "y_coord": 16.7801014696
    },
    "16": {
      "name": "innode_23",
      "x_coord": 50.172753912,
      "min_pressure": 101325.0,
      "id": 16,
      "max_pressure": 8.101325e6,
      "elevation": 0.0,
      "y_coord": 13.6830150267
    },
    "40": {
      "name": "sink_18",
      "x_coord": 51.2519851011,
      "min_pressure": 101325.0,
      "id": 40,
      "max_pressure": 8.101325e6,
      "elevation": 0.0,
      "y_coord": 16.7159306744
    },
    "21": {
      "name": "innode_28",
      "x_coord": 47.2275130833,
      "min_pressure": 101325.0,
      "id": 21,
      "max_pressure": 8.101325e6,
      "elevation": 0.0,
      "y_coord": 12.0628395795
    },
    "46": {
      "name": "sink_23",
      "x_coord": 49.7006952417,
      "min_pressure": 101325.0,
      "id": 46,
      "max_pressure": 8.101325e6,
      "elevation": 0.0,
      "y_coord": 7.46775985516
    },
    "38": {
      "name": "sink_16",
      "x_coord": 51.5947148204,
      "min_pressure": 101325.0,
      "id": 38,
      "max_pressure": 8.101325e6,
      "elevation": 0.0,
      "y_coord": 14.158038739
    },
    "72": {
      "name": "sink_47",
      "x_coord": 51.3539155031,
      "min_pressure": 101325.0,
      "id": 72,
      "max_pressure": 8.101325e6,
      "elevation": 0.0,
      "y_coord": 11.2506866278
    },
    "83": {
      "name": "sink_57",
      "x_coord": 49.0146716148,
      "min_pressure": 101325.0,
      "id": 83,
      "max_pressure": 8.101325e6,
      "elevation": 0.0,
      "y_coord": 13.4189020635
    },
    "45": {
      "name": "sink_22",
      "x_coord": 52.2902763405,
      "min_pressure": 101325.0,
      "id": 45,
      "max_pressure": 8.101325e6,
      "elevation": 0.0,
      "y_coord": 18.6939501292
    },
    "68": {
      "name": "sink_43",
      "x_coord": 50.2922278881,
      "min_pressure": 101325.0,
      "id": 68,
      "max_pressure": 8.101325e6,
      "elevation": 0.0,
      "y_coord": 13.8408128042
    },
    "56": {
      "name": "sink_32",
      "x_coord": 52.395884001,
      "min_pressure": 101325.0,
      "id": 56,
      "max_pressure": 8.101325e6,
      "elevation": 0.0,
      "y_coord": 18.0084108893
    },
    "116": {
      "name": "sink_87",
      "x_coord": 54.862602408,
      "min_pressure": 101325.0,
      "id": 116,
      "max_pressure": 8.101325e6,
      "elevation": 0.0,
      "y_coord": 13.7479024529
    },
    "128": {
      "name": "sink_98",
      "x_coord": 55.2084778631,
      "min_pressure": 101325.0,
      "id": 128,
      "max_pressure": 8.101325e6,
      "elevation": 0.0,
      "y_coord": 12.8015150088
    },
    "95": {
      "name": "sink_68",
      "x_coord": 50.6482378032,
      "min_pressure": 101325.0,
      "id": 95,
      "max_pressure": 8.101325e6,
      "elevation": 0.0,
      "y_coord": 8.01637243263
    },
    "66": {
      "name": "sink_41",
      "x_coord": 50.2610394058,
      "min_pressure": 101325.0,
      "id": 66,
      "max_pressure": 8.101325e6,
      "elevation": 0.0,
      "y_coord": 9.59244399475
    },
    "76": {
      "name": "sink_50",
      "x_coord": 48.2347945658,
      "min_pressure": 101325.0,
      "id": 76,
      "max_pressure": 8.101325e6,
      "elevation": 0.0,
      "y_coord": 12.795829406
    },
    "36": {
      "name": "sink_14",
      "x_coord": 51.1473204981,
      "min_pressure": 101325.0,
      "id": 36,
      "max_pressure": 8.101325e6,
      "elevation": 0.0,
      "y_coord": 13.8830171163
    },
    "85": {
      "name": "sink_59",
      "x_coord": 53.0897913932,
      "min_pressure": 101325.0,
      "id": 85,
      "max_pressure": 8.101325e6,
      "elevation": 0.0,
      "y_coord": 16.5194526033
    },
    "135": {
      "name": "source_6",
      "x_coord": 49.4445153155,
      "min_pressure": 101325.0,
      "id": 135,
      "max_pressure": 8.101325e6,
      "elevation": 0.0,
      "y_coord": 8.81464515284
    },
    "48": {
      "name": "sink_25",
      "x_coord": 49.6553782111,
      "min_pressure": 101325.0,
      "id": 48,
      "max_pressure": 8.101325e6,
      "elevation": 0.0,
      "y_coord": 11.631795577
    },
    "103": {
      "name": "sink_75",
      "x_coord": 55.7363918657,
      "min_pressure": 101325.0,
      "id": 103,
      "max_pressure": 8.101325e6,
      "elevation": 0.0,
      "y_coord": 13.1561484742
    },
    "18": {
      "name": "innode_25",
      "x_coord": 51.0550655315,
      "min_pressure": 101325.0,
      "id": 18,
      "max_pressure": 8.101325e6,
      "elevation": 0.0,
      "y_coord": 14.2901425989
    },
    "30": {
      "name": "innode_9",
      "x_coord": 49.6847953078,
      "min_pressure": 101325.0,
      "id": 30,
      "max_pressure": 8.101325e6,
      "elevation": 0.0,
      "y_coord": 8.66017387757
    },
    "3": {
      "name": "innode_11",
      "x_coord": 50.2431850443,
      "min_pressure": 101325.0,
      "id": 3,
      "max_pressure": 8.101325e6,
      "elevation": 0.0,
      "y_coord": 10.6314510031
    }
  },
  "short_pipes": {},
  "valves": {},
  "pipes": {
    "30": {
      "friction_factor": 0.010540876775273886,
      "diameter": 1.0,
      "min_flow": -2180.5556,
      "length": 3000.00847568,
      "name": "pipe_125",
      "min_pressure": 101325.0,
      "to_node": 133,
      "max_flow": 2180.5556,
      "id": 30,
      "max_pressure": 8.101325e6,
      "fr_node": 99
    },
    "109": {
      "friction_factor": 0.010540876775273886,
      "diameter": 1.0,
      "min_flow": -2180.5556,
      "length": 35005.3067338,
      "name": "pipe_7",
      "min_pressure": 101325.0,
      "to_node": 131,
      "max_flow": 2180.5556,
      "id": 109,
      "max_pressure": 8.101325e6,
      "fr_node": 134
    },
    "1": {
      "friction_factor": 0.011571080112749195,
      "diameter": 0.6,
      "min_flow": -2180.5556,
      "length": 50304.792058399995,
      "name": "pipe_1",
      "min_pressure": 101325.0,
      "to_node": 45,
      "max_flow": 2180.5556,
      "id": 1,
      "max_pressure": 8.101325e6,
      "fr_node": 132
    },
    "54": {
      "friction_factor": 0.010540876775273886,
      "diameter": 1.0,
      "min_flow": -2180.5556,
      "length": 100340.688215,
      "name": "pipe_2",
      "min_pressure": 101325.0,
      "to_node": 41,
      "max_flow": 2180.5556,
      "id": 54,
      "max_pressure": 8.101325e6,
      "fr_node": 19
    },
    "81": {
      "friction_factor": 0.010540876775273886,
      "diameter": 1.0,
      "min_flow": -2180.5556,
      "length": 81583.8292956,
      "name": "pipe_44",
      "min_pressure": 101325.0,
      "to_node": 97,
      "max_flow": 2180.5556,
      "id": 81,
      "max_pressure": 8.101325e6,
      "fr_node": 115
    },
    "101": {
      "friction_factor": 0.010540876775273886,
      "diameter": 1.0,
      "min_flow": -2180.5556,
      "length": 54490.95433850001,
      "name": "pipe_62",
      "min_pressure": 101325.0,
      "to_node": 68,
      "max_flow": 2180.5556,
      "id": 101,
      "max_pressure": 8.101325e6,
      "fr_node": 98
    },
    "32": {
      "friction_factor": 0.012500256972936696,
      "diameter": 0.4,
      "min_flow": -2180.5556,
      "length": 56443.917503000004,
      "name": "pipe_127",
      "min_pressure": 101325.0,
      "to_node": 39,
      "max_flow": 2180.5556,
      "id": 32,
      "max_pressure": 8.101325e6,
      "fr_node": 95
    },
    "2": {
      "friction_factor": 0.011571080112749195,
      "diameter": 0.6,
      "min_flow": -2180.5556,
      "length": 60939.7150406,
      "name": "pipe_10",
      "min_pressure": 101325.0,
      "to_node": 129,
      "max_flow": 2180.5556,
      "id": 2,
      "max_pressure": 8.101325e6,
      "fr_node": 125
    },
    "132": {
      "friction_factor": 0.010540876775273886,
      "diameter": 1.0,
      "min_flow": -2180.5556,
      "length": 87454.8381291,
      "name": "pipe_90",
      "min_pressure": 101325.0,
      "to_node": 52,
      "max_flow": 2180.5556,
      "id": 132,
      "max_pressure": 8.101325e6,
      "fr_node": 25
    },
    "29": {
      "friction_factor": 0.010540876775273886,
      "diameter": 1.0,
      "min_flow": -2180.5556,
      "length": 135035.491093,
      "name": "pipe_124",
      "min_pressure": 101325.0,
      "to_node": 1,
      "max_flow": 2180.5556,
      "id": 29,
      "max_pressure": 8.101325e6,
      "fr_node": 82
    },
    "78": {
      "friction_factor": 0.010540876775273886,
      "diameter": 1.0,
      "min_flow": -2180.5556,
      "length": 10380.0380319,
      "name": "pipe_41",
      "min_pressure": 101325.0,
      "to_node": 53,
      "max_flow": 2180.5556,
      "id": 78,
      "max_pressure": 8.101325e6,
      "fr_node": 115
    },
    "41": {
      "friction_factor": 0.010540876775273886,
      "diameter": 1.0,
      "min_flow": -2180.5556,
      "length": 60895.6319046,
      "name": "pipe_135",
      "min_pressure": 101325.0,
      "to_node": 44,
      "max_flow": 2180.5556,
      "id": 41,
      "max_pressure": 8.101325e6,
      "fr_node": 46
    },
    "74": {
      "friction_factor": 0.011571080112749195,
      "diameter": 0.6,
      "min_flow": -2180.5556,
      "length": 13882.590546899999,
      "name": "pipe_38",
      "min_pressure": 101325.0,
      "to_node": 127,
      "max_flow": 2180.5556,
      "id": 74,
      "max_pressure": 8.101325e6,
      "fr_node": 121
    },
    "65": {
      "friction_factor": 0.012500256972936696,
      "diameter": 0.4,
      "min_flow": -2180.5556,
      "length": 17722.0417037,
      "name": "pipe_3",
      "min_pressure": 101325.0,
      "to_node": 114,
      "max_flow": 2180.5556,
      "id": 65,
      "max_pressure": 8.101325e6,
      "fr_node": 113
    },
    "51": {
      "friction_factor": 0.010540876775273886,
      "diameter": 1.0,
      "min_flow": -2180.5556,
      "length": 65028.38976060001,
      "name": "pipe_17",
      "min_pressure": 101325.0,
      "to_node": 102,
      "max_flow": 2180.5556,
      "id": 51,
      "max_pressure": 8.101325e6,
      "fr_node": 110
    },
    "53": {
      "friction_factor": 0.011571080112749195,
      "diameter": 0.6,
      "min_flow": -2180.5556,
      "length": 6510.82318684,
      "name": "pipe_19",
      "min_pressure": 101325.0,
      "to_node": 103,
      "max_flow": 2180.5556,
      "id": 53,
      "max_pressure": 8.101325e6,
      "fr_node": 104
    },
    "106": {
      "friction_factor": 0.010540876775273886,
      "diameter": 1.0,
      "min_flow": -2180.5556,
      "length": 9158.22165979,
      "name": "pipe_67",
      "min_pressure": 101325.0,
      "to_node": 32,
      "max_flow": 2180.5556,
      "id": 106,
      "max_pressure": 8.101325e6,
      "fr_node": 88
    },
    "119": {
      "friction_factor": 0.010540876775273886,
      "diameter": 1.0,
      "min_flow": -2180.5556,
      "length": 25743.4218589,
      "name": "pipe_79",
      "min_pressure": 101325.0,
      "to_node": 60,
      "max_flow": 2180.5556,
      "id": 119,
      "max_pressure": 8.101325e6,
      "fr_node": 8
    },
    "27": {
      "friction_factor": 0.010540876775273886,
      "diameter": 1.0,
      "min_flow": -2180.5556,
      "length": 37887.833708599996,
      "name": "pipe_122",
      "min_pressure": 101325.0,
      "to_node": 82,
      "max_flow": 2180.5556,
      "id": 27,
      "max_pressure": 8.101325e6,
      "fr_node": 2
    },
    "75": {
      "friction_factor": 0.010540876775273886,
      "diameter": 1.0,
      "min_flow": -2180.5556,
      "length": 59093.6131581,
      "name": "pipe_39",
      "min_pressure": 101325.0,
      "to_node": 108,
      "max_flow": 2180.5556,
      "id": 75,
      "max_pressure": 8.101325e6,
      "fr_node": 127
    },
    "42": {
      "friction_factor": 0.010540876775273886,
      "diameter": 1.0,
      "min_flow": -2180.5556,
      "length": 73579.2704439,
      "name": "pipe_136",
      "min_pressure": 101325.0,
      "to_node": 118,
      "max_flow": 2180.5556,
      "id": 42,
      "max_pressure": 8.101325e6,
      "fr_node": 73
    },
    "33": {
      "friction_factor": 0.011571080112749195,
      "diameter": 0.6,
      "min_flow": -2180.5556,
      "length": 78489.7646788,
      "name": "pipe_128",
      "min_pressure": 101325.0,
      "to_node": 59,
      "max_flow": 2180.5556,
      "id": 33,
      "max_pressure": 8.101325e6,
      "fr_node": 39
    },
    "28": {
      "friction_factor": 0.010540876775273886,
      "diameter": 1.0,
      "min_flow": -2180.5556,
      "length": 51079.7762966,
      "name": "pipe_123",
      "min_pressure": 101325.0,
      "to_node": 73,
      "max_flow": 2180.5556,
      "id": 28,
      "max_pressure": 8.101325e6,
      "fr_node": 82
    },
    "50": {
      "friction_factor": 0.011571080112749195,
      "diameter": 0.6,
      "min_flow": -2180.5556,
      "length": 38503.3883301,
      "name": "pipe_16",
      "min_pressure": 101325.0,
      "to_node": 110,
      "max_flow": 2180.5556,
      "id": 50,
      "max_pressure": 8.101325e6,
      "fr_node": 109
    },
    "52": {
      "friction_factor": 0.010540876775273886,
      "diameter": 1.0,
      "min_flow": -2180.5556,
      "length": 162363.128696,
      "name": "pipe_18",
      "min_pressure": 101325.0,
      "to_node": 33,
      "max_flow": 2180.5556,
      "id": 52,
      "max_pressure": 8.101325e6,
      "fr_node": 120
    },
    "111": {
      "friction_factor": 0.010540876775273886,
      "diameter": 1.0,
      "min_flow": -2180.5556,
      "length": 85824.94975449999,
      "name": "pipe_71",
      "min_pressure": 101325.0,
      "to_node": 80,
      "max_flow": 2180.5556,
      "id": 111,
      "max_pressure": 8.101325e6,
      "fr_node": 16
    },
    "63": {
      "friction_factor": 0.011571080112749195,
      "diameter": 0.6,
      "min_flow": -2180.5556,
      "length": 85857.9820653,
      "name": "pipe_28",
      "min_pressure": 101325.0,
      "to_node": 126,
      "max_flow": 2180.5556,
      "id": 63,
      "max_pressure": 8.101325e6,
      "fr_node": 117
    },
    "121": {
      "friction_factor": 0.010540876775273886,
      "diameter": 1.0,
      "min_flow": -2180.5556,
      "length": 84458.1685734,
      "name": "pipe_80",
      "min_pressure": 101325.0,
      "to_node": 11,
      "max_flow": 2180.5556,
      "id": 121,
      "max_pressure": 8.101325e6,
      "fr_node": 63
    },
    "115": {
      "friction_factor": 0.010540876775273886,
      "diameter": 1.0,
      "min_flow": -2180.5556,
      "length": 99696.9687718,
      "name": "pipe_75",
      "min_pressure": 101325.0,
      "to_node": 63,
      "max_flow": 2180.5556,
      "id": 115,
      "max_pressure": 8.101325e6,
      "fr_node": 83
    },
    "141": {
      "friction_factor": 0.010540876775273886,
      "diameter": 1.0,
      "min_flow": -2180.5556,
      "length": 13796.8759156,
      "name": "pipe_99",
      "min_pressure": 101325.0,
      "to_node": 49,
      "max_flow": 2180.5556,
      "id": 141,
      "max_pressure": 8.101325e6,
      "fr_node": 48
    },
    "92": {
      "friction_factor": 0.010540876775273886,
      "diameter": 1.0,
      "min_flow": -2180.5556,
      "length": 35640.0907784,
      "name": "pipe_54",
      "min_pressure": 101325.0,
      "to_node": 70,
      "max_flow": 2180.5556,
      "id": 92,
      "max_pressure": 8.101325e6,
      "fr_node": 45
    },
    "88": {
      "friction_factor": 0.010540876775273886,
      "diameter": 1.0,
      "min_flow": -2180.5556,
      "length": 89395.5362133,
      "name": "pipe_50",
      "min_pressure": 101325.0,
      "to_node": 47,
      "max_flow": 2180.5556,
      "id": 88,
      "max_pressure": 8.101325e6,
      "fr_node": 87
    },
    "93": {
      "friction_factor": 0.010540876775273886,
      "diameter": 1.0,
      "min_flow": -2180.5556,
      "length": 33603.2760489,
      "name": "pipe_55",
      "min_pressure": 101325.0,
      "to_node": 55,
      "max_flow": 2180.5556,
      "id": 93,
      "max_pressure": 8.101325e6,
      "fr_node": 33
    },
    "26": {
      "friction_factor": 0.010540876775273886,
      "diameter": 1.0,
      "min_flow": -2180.5556,
      "length": 37045.99039,
      "name": "pipe_121",
      "min_pressure": 101325.0,
      "to_node": 82,
      "max_flow": 2180.5556,
      "id": 26,
      "max_pressure": 8.101325e6,
      "fr_node": 30
    },
    "10": {
      "friction_factor": 0.010540876775273886,
      "diameter": 1.0,
      "min_flow": -2180.5556,
      "length": 55637.087791,
      "name": "pipe_107",
      "min_pressure": 101325.0,
      "to_node": 74,
      "max_flow": 2180.5556,
      "id": 10,
      "max_pressure": 8.101325e6,
      "fr_node": 78
    },
    "120": {
      "friction_factor": 0.012500256972936696,
      "diameter": 0.4,
      "min_flow": -2180.5556,
      "length": 35640.0907784,
      "name": "pipe_8",
      "min_pressure": 101325.0,
      "to_node": 70,
      "max_flow": 2180.5556,
      "id": 120,
      "max_pressure": 8.101325e6,
      "fr_node": 45
    },
    "77": {
      "friction_factor": 0.011571080112749195,
      "diameter": 0.6,
      "min_flow": -2180.5556,
      "length": 74213.0364192,
      "name": "pipe_40",
      "min_pressure": 101325.0,
      "to_node": 115,
      "max_flow": 2180.5556,
      "id": 77,
      "max_pressure": 8.101325e6,
      "fr_node": 101
    },
    "24": {
      "friction_factor": 0.012500256972936696,
      "diameter": 0.4,
      "min_flow": -2180.5556,
      "length": 23354.6170784,
      "name": "pipe_12",
      "min_pressure": 101325.0,
      "to_node": 123,
      "max_flow": 2180.5556,
      "id": 24,
      "max_pressure": 8.101325e6,
      "fr_node": 122
    },
    "87": {
      "friction_factor": 0.010540876775273886,
      "diameter": 1.0,
      "min_flow": -2180.5556,
      "length": 27575.9858722,
      "name": "pipe_5",
      "min_pressure": 101325.0,
      "to_node": 56,
      "max_flow": 2180.5556,
      "id": 87,
      "max_pressure": 8.101325e6,
      "fr_node": 114
    },
    "117": {
      "friction_factor": 0.011571080112749195,
      "diameter": 0.6,
      "min_flow": -2180.5556,
      "length": 92797.1468491,
      "name": "pipe_77",
      "min_pressure": 101325.0,
      "to_node": 76,
      "max_flow": 2180.5556,
      "id": 117,
      "max_pressure": 8.101325e6,
      "fr_node": 63
    },
    "58": {
      "friction_factor": 0.011571080112749195,
      "diameter": 0.6,
      "min_flow": -2180.5556,
      "length": 29067.2163505,
      "name": "pipe_23",
      "min_pressure": 101325.0,
      "to_node": 116,
      "max_flow": 2180.5556,
      "id": 58,
      "max_pressure": 8.101325e6,
      "fr_node": 117
    },
    "25": {
      "friction_factor": 0.010540876775273886,
      "diameter": 1.0,
      "min_flow": -2180.5556,
      "length": 22659.1404524,
      "name": "pipe_120",
      "min_pressure": 101325.0,
      "to_node": 40,
      "max_flow": 2180.5556,
      "id": 25,
      "max_pressure": 8.101325e6,
      "fr_node": 34
    },
    "114": {
      "friction_factor": 0.010540876775273886,
      "diameter": 1.0,
      "min_flow": -2180.5556,
      "length": 169915.785856,
      "name": "pipe_74",
      "min_pressure": 101325.0,
      "to_node": 63,
      "max_flow": 2180.5556,
      "id": 114,
      "max_pressure": 8.101325e6,
      "fr_node": 12
    },
    "23": {
      "friction_factor": 0.010540876775273886,
      "diameter": 1.0,
      "min_flow": -2180.5556,
      "length": 26466.906710500003,
      "name": "pipe_119",
      "min_pressure": 101325.0,
      "to_node": 29,
      "max_flow": 2180.5556,
      "id": 23,
      "max_pressure": 8.101325e6,
      "fr_node": 24
    },
    "49": {
      "friction_factor": 0.011571080112749195,
      "diameter": 0.6,
      "min_flow": -2180.5556,
      "length": 39290.809462,
      "name": "pipe_15",
      "min_pressure": 101325.0,
      "to_node": 109,
      "max_flow": 2180.5556,
      "id": 49,
      "max_pressure": 8.101325e6,
      "fr_node": 47
    },
    "59": {
      "friction_factor": 0.010540876775273886,
      "diameter": 1.0,
      "min_flow": -2180.5556,
      "length": 35220.8674457,
      "name": "pipe_24",
      "min_pressure": 101325.0,
      "to_node": 94,
      "max_flow": 2180.5556,
      "id": 59,
      "max_pressure": 8.101325e6,
      "fr_node": 92
    },
    "89": {
      "friction_factor": 0.010540876775273886,
      "diameter": 1.0,
      "min_flow": -2180.5556,
      "length": 67770.9172483,
      "name": "pipe_51",
      "min_pressure": 101325.0,
      "to_node": 106,
      "max_flow": 2180.5556,
      "id": 89,
      "max_pressure": 8.101325e6,
      "fr_node": 47
    },
    "5": {
      "friction_factor": 0.011571080112749195,
      "diameter": 0.6,
      "min_flow": -2180.5556,
      "length": 14097.1093233,
      "name": "pipe_102",
      "min_pressure": 101325.0,
      "to_node": 58,
      "max_flow": 2180.5556,
      "id": 5,
      "max_pressure": 8.101325e6,
      "fr_node": 48
    },
    "31": {
      "friction_factor": 0.010540876775273886,
      "diameter": 1.0,
      "min_flow": -2180.5556,
      "length": 28202.1518902,
      "name": "pipe_126",
      "min_pressure": 101325.0,
      "to_node": 95,
      "max_flow": 2180.5556,
      "id": 31,
      "max_pressure": 8.101325e6,
      "fr_node": 50
    },
    "62": {
      "friction_factor": 0.011571080112749195,
      "diameter": 0.6,
      "min_flow": -2180.5556,
      "length": 49928.769459,
      "name": "pipe_27",
      "min_pressure": 101325.0,
      "to_node": 111,
      "max_flow": 2180.5556,
      "id": 62,
      "max_pressure": 8.101325e6,
      "fr_node": 128
    },
    "122": {
      "friction_factor": 0.010540876775273886,
      "diameter": 1.0,
      "min_flow": -2180.5556,
      "length": 84946.6519322,
      "name": "pipe_81",
      "min_pressure": 101325.0,
      "to_node": 13,
      "max_flow": 2180.5556,
      "id": 122,
      "max_pressure": 8.101325e6,
      "fr_node": 63
    },
    "43": {
      "friction_factor": 0.010540876775273886,
      "diameter": 1.0,
      "min_flow": -2180.5556,
      "length": 7053.12980961,
      "name": "pipe_137",
      "min_pressure": 101325.0,
      "to_node": 81,
      "max_flow": 2180.5556,
      "id": 43,
      "max_pressure": 8.101325e6,
      "fr_node": 118
    },
    "90": {
      "friction_factor": 0.010540876775273886,
      "diameter": 1.0,
      "min_flow": -2180.5556,
      "length": 10478.381755499999,
      "name": "pipe_52",
      "min_pressure": 101325.0,
      "to_node": 33,
      "max_flow": 2180.5556,
      "id": 90,
      "max_pressure": 8.101325e6,
      "fr_node": 106
    },
    "39": {
      "friction_factor": 0.010540876775273886,
      "diameter": 1.0,
      "min_flow": -2180.5556,
      "length": 70219.51783580001,
      "name": "pipe_133",
      "min_pressure": 101325.0,
      "to_node": 44,
      "max_flow": 2180.5556,
      "id": 39,
      "max_pressure": 8.101325e6,
      "fr_node": 62
    },
    "112": {
      "friction_factor": 0.010540876775273886,
      "diameter": 1.0,
      "min_flow": -2180.5556,
      "length": 112865.012892,
      "name": "pipe_72",
      "min_pressure": 101325.0,
      "to_node": 80,
      "max_flow": 2180.5556,
      "id": 112,
      "max_pressure": 8.101325e6,
      "fr_node": 57
    },
    "34": {
      "friction_factor": 0.012500256972936696,
      "diameter": 0.4,
      "min_flow": -2180.5556,
      "length": 50533.86622,
      "name": "pipe_129",
      "min_pressure": 101325.0,
      "to_node": 54,
      "max_flow": 2180.5556,
      "id": 34,
      "max_pressure": 8.101325e6,
      "fr_node": 95
    },
    "44": {
      "friction_factor": 0.010540876775273886,
      "diameter": 1.0,
      "min_flow": -2180.5556,
      "length": 44718.977333200004,
      "name": "pipe_138",
      "min_pressure": 101325.0,
      "to_node": 81,
      "max_flow": 2180.5556,
      "id": 44,
      "max_pressure": 8.101325e6,
      "fr_node": 44
    },
    "129": {
      "friction_factor": 0.010540876775273886,
      "diameter": 1.0,
      "min_flow": -2180.5556,
      "length": 13264.2144669,
      "name": "pipe_88",
      "min_pressure": 101325.0,
      "to_node": 84,
      "max_flow": 2180.5556,
      "id": 129,
      "max_pressure": 8.101325e6,
      "fr_node": 65
    },
    "137": {
      "friction_factor": 0.010540876775273886,
      "diameter": 1.0,
      "min_flow": -2180.5556,
      "length": 37246.4955445,
      "name": "pipe_95",
      "min_pressure": 101325.0,
      "to_node": 79,
      "max_flow": 2180.5556,
      "id": 137,
      "max_pressure": 8.101325e6,
      "fr_node": 57
    },
    "94": {
      "friction_factor": 0.010540876775273886,
      "diameter": 1.0,
      "min_flow": -2180.5556,
      "length": 96065.0296604,
      "name": "pipe_56",
      "min_pressure": 101325.0,
      "to_node": 37,
      "max_flow": 2180.5556,
      "id": 94,
      "max_pressure": 8.101325e6,
      "fr_node": 93
    },
    "55": {
      "friction_factor": 0.011571080112749195,
      "diameter": 0.6,
      "min_flow": -2180.5556,
      "length": 23219.4717484,
      "name": "pipe_20",
      "min_pressure": 101325.0,
      "to_node": 112,
      "max_flow": 2180.5556,
      "id": 55,
      "max_pressure": 8.101325e6,
      "fr_node": 103
    },
    "86": {
      "friction_factor": 0.010540876775273886,
      "diameter": 1.0,
      "min_flow": -2180.5556,
      "length": 94839.1665755,
      "name": "pipe_49",
      "min_pressure": 101325.0,
      "to_node": 87,
      "max_flow": 2180.5556,
      "id": 86,
      "max_pressure": 8.101325e6,
      "fr_node": 85
    },
    "126": {
      "friction_factor": 0.010540876775273886,
      "diameter": 1.0,
      "min_flow": -2180.5556,
      "length": 83957.6803666,
      "name": "pipe_85",
      "min_pressure": 101325.0,
      "to_node": 65,
      "max_flow": 2180.5556,
      "id": 126,
      "max_pressure": 8.101325e6,
      "fr_node": 10
    },
    "17": {
      "friction_factor": 0.010540876775273886,
      "diameter": 1.0,
      "min_flow": -2180.5556,
      "length": 93300.8611373,
      "name": "pipe_113",
      "min_pressure": 101325.0,
      "to_node": 50,
      "max_flow": 2180.5556,
      "id": 17,
      "max_pressure": 8.101325e6,
      "fr_node": 66
    },
    "99": {
      "friction_factor": 0.010540876775273886,
      "diameter": 1.0,
      "min_flow": -2180.5556,
      "length": 26313.6684695,
      "name": "pipe_60",
      "min_pressure": 101325.0,
      "to_node": 36,
      "max_flow": 2180.5556,
      "id": 99,
      "max_pressure": 8.101325e6,
      "fr_node": 18
    },
    "71": {
      "friction_factor": 0.010540876775273886,
      "diameter": 1.0,
      "min_flow": -2180.5556,
      "length": 44307.578388099995,
      "name": "pipe_35",
      "min_pressure": 101325.0,
      "to_node": 37,
      "max_flow": 2180.5556,
      "id": 71,
      "max_pressure": 8.101325e6,
      "fr_node": 94
    },
    "37": {
      "friction_factor": 0.010540876775273886,
      "diameter": 1.0,
      "min_flow": -2180.5556,
      "length": 52638.2656276,
      "name": "pipe_131",
      "min_pressure": 101325.0,
      "to_node": 92,
      "max_flow": 2180.5556,
      "id": 37,
      "max_pressure": 8.101325e6,
      "fr_node": 43
    },
    "47": {
      "friction_factor": 0.010540876775273886,
      "diameter": 1.0,
      "min_flow": -2180.5556,
      "length": 15990.7836139,
      "name": "pipe_140",
      "min_pressure": 101325.0,
      "to_node": 130,
      "max_flow": 2180.5556,
      "id": 47,
      "max_pressure": 8.101325e6,
      "fr_node": 81
    },
    "9": {
      "friction_factor": 0.010540876775273886,
      "diameter": 1.0,
      "min_flow": -2180.5556,
      "length": 37524.1310102,
      "name": "pipe_106",
      "min_pressure": 101325.0,
      "to_node": 22,
      "max_flow": 2180.5556,
      "id": 9,
      "max_pressure": 8.101325e6,
      "fr_node": 51
    },
    "73": {
      "friction_factor": 0.010540876775273886,
      "diameter": 1.0,
      "min_flow": -2180.5556,
      "length": 10819.030875699998,
      "name": "pipe_37",
      "min_pressure": 101325.0,
      "to_node": 101,
      "max_flow": 2180.5556,
      "id": 73,
      "max_pressure": 8.101325e6,
      "fr_node": 121
    },
    "82": {
      "friction_factor": 0.010540876775273886,
      "diameter": 1.0,
      "min_flow": -2180.5556,
      "length": 49535.2363296,
      "name": "pipe_45",
      "min_pressure": 101325.0,
      "to_node": 89,
      "max_flow": 2180.5556,
      "id": 82,
      "max_pressure": 8.101325e6,
      "fr_node": 97
    },
    "12": {
      "friction_factor": 0.010540876775273886,
      "diameter": 1.0,
      "min_flow": -2180.5556,
      "length": 6844.74898272,
      "name": "pipe_109",
      "min_pressure": 101325.0,
      "to_node": 100,
      "max_flow": 2180.5556,
      "id": 12,
      "max_pressure": 8.101325e6,
      "fr_node": 40
    },
    "79": {
      "friction_factor": 0.010540876775273886,
      "diameter": 1.0,
      "min_flow": -2180.5556,
      "length": 39573.0643149,
      "name": "pipe_42",
      "min_pressure": 101325.0,
      "to_node": 124,
      "max_flow": 2180.5556,
      "id": 79,
      "max_pressure": 8.101325e6,
      "fr_node": 53
    },
    "20": {
      "friction_factor": 0.010540876775273886,
      "diameter": 1.0,
      "min_flow": -2180.5556,
      "length": 61179.7197437,
      "name": "pipe_116",
      "min_pressure": 101325.0,
      "to_node": 24,
      "max_flow": 2180.5556,
      "id": 20,
      "max_pressure": 8.101325e6,
      "fr_node": 77
    },
    "6": {
      "friction_factor": 0.010540876775273886,
      "diameter": 1.0,
      "min_flow": -2180.5556,
      "length": 81461.532131,
      "name": "pipe_103",
      "min_pressure": 101325.0,
      "to_node": 3,
      "max_flow": 2180.5556,
      "id": 6,
      "max_pressure": 8.101325e6,
      "fr_node": 49
    },
    "84": {
      "friction_factor": 0.010540876775273886,
      "diameter": 1.0,
      "min_flow": -2180.5556,
      "length": 19740.0494072,
      "name": "pipe_47",
      "min_pressure": 101325.0,
      "to_node": 44,
      "max_flow": 2180.5556,
      "id": 84,
      "max_pressure": 8.101325e6,
      "fr_node": 86
    },
    "80": {
      "friction_factor": 0.010540876775273886,
      "diameter": 1.0,
      "min_flow": -2180.5556,
      "length": 25443.4906409,
      "name": "pipe_43",
      "min_pressure": 101325.0,
      "to_node": 119,
      "max_flow": 2180.5556,
      "id": 80,
      "max_pressure": 8.101325e6,
      "fr_node": 124
    },
    "104": {
      "friction_factor": 0.010540876775273886,
      "diameter": 1.0,
      "min_flow": -2180.5556,
      "length": 12536.236134899998,
      "name": "pipe_65",
      "min_pressure": 101325.0,
      "to_node": 56,
      "max_flow": 2180.5556,
      "id": 104,
      "max_pressure": 8.101325e6,
      "fr_node": 70
    },
    "125": {
      "friction_factor": 0.010540876775273886,
      "diameter": 1.0,
      "min_flow": -2180.5556,
      "length": 83082.9611438,
      "name": "pipe_84",
      "min_pressure": 101325.0,
      "to_node": 65,
      "max_flow": 2180.5556,
      "id": 125,
      "max_pressure": 8.101325e6,
      "fr_node": 9
    },
    "124": {
      "friction_factor": 0.010540876775273886,
      "diameter": 1.0,
      "min_flow": -2180.5556,
      "length": 80904.3280661,
      "name": "pipe_83",
      "min_pressure": 101325.0,
      "to_node": 48,
      "max_flow": 2180.5556,
      "id": 124,
      "max_pressure": 8.101325e6,
      "fr_node": 15
    },
    "98": {
      "friction_factor": 0.010540876775273886,
      "diameter": 1.0,
      "min_flow": -2180.5556,
      "length": 50039.072743,
      "name": "pipe_6",
      "min_pressure": 101325.0,
      "to_node": 31,
      "max_flow": 2180.5556,
      "id": 98,
      "max_pressure": 8.101325e6,
      "fr_node": 113
    },
    "113": {
      "friction_factor": 0.010540876775273886,
      "diameter": 1.0,
      "min_flow": -2180.5556,
      "length": 79066.7410985,
      "name": "pipe_73",
      "min_pressure": 101325.0,
      "to_node": 83,
      "max_flow": 2180.5556,
      "id": 113,
      "max_pressure": 8.101325e6,
      "fr_node": 23
    },
    "110": {
      "friction_factor": 0.010540876775273886,
      "diameter": 1.0,
      "min_flow": -2180.5556,
      "length": 173659.70303200002,
      "name": "pipe_70",
      "min_pressure": 101325.0,
      "to_node": 57,
      "max_flow": 2180.5556,
      "id": 110,
      "max_pressure": 8.101325e6,
      "fr_node": 36
    },
    "70": {
      "friction_factor": 0.010540876775273886,
      "diameter": 1.0,
      "min_flow": -2180.5556,
      "length": 74204.5481958,
      "name": "pipe_34",
      "min_pressure": 101325.0,
      "to_node": 105,
      "max_flow": 2180.5556,
      "id": 70,
      "max_pressure": 8.101325e6,
      "fr_node": 107
    },
    "14": {
      "friction_factor": 0.010540876775273886,
      "diameter": 1.0,
      "min_flow": -2180.5556,
      "length": 89179.21794999999,
      "name": "pipe_110",
      "min_pressure": 101325.0,
      "to_node": 6,
      "max_flow": 2180.5556,
      "id": 14,
      "max_pressure": 8.101325e6,
      "fr_node": 78
    },
    "127": {
      "friction_factor": 0.010540876775273886,
      "diameter": 1.0,
      "min_flow": -2180.5556,
      "length": 13264.2144669,
      "name": "pipe_86",
      "min_pressure": 101325.0,
      "to_node": 84,
      "max_flow": 2180.5556,
      "id": 127,
      "max_pressure": 8.101325e6,
      "fr_node": 65
    },
    "7": {
      "friction_factor": 0.010540876775273886,
      "diameter": 1.0,
      "min_flow": -2180.5556,
      "length": 82408.77257670001,
      "name": "pipe_104",
      "min_pressure": 101325.0,
      "to_node": 4,
      "max_flow": 2180.5556,
      "id": 7,
      "max_pressure": 8.101325e6,
      "fr_node": 49
    },
    "123": {
      "friction_factor": 0.010540876775273886,
      "diameter": 1.0,
      "min_flow": -2180.5556,
      "length": 80621.8095869,
      "name": "pipe_82",
      "min_pressure": 101325.0,
      "to_node": 48,
      "max_flow": 2180.5556,
      "id": 123,
      "max_pressure": 8.101325e6,
      "fr_node": 14
    },
    "96": {
      "friction_factor": 0.010540876775273886,
      "diameter": 1.0,
      "min_flow": -2180.5556,
      "length": 60740.4521933,
      "name": "pipe_58",
      "min_pressure": 101325.0,
      "to_node": 38,
      "max_flow": 2180.5556,
      "id": 96,
      "max_pressure": 8.101325e6,
      "fr_node": 93
    },
    "57": {
      "friction_factor": 0.010540876775273886,
      "diameter": 1.0,
      "min_flow": -2180.5556,
      "length": 69525.6850623,
      "name": "pipe_22",
      "min_pressure": 101325.0,
      "to_node": 117,
      "max_flow": 2180.5556,
      "id": 57,
      "max_pressure": 8.101325e6,
      "fr_node": 112
    },
    "8": {
      "friction_factor": 0.011571080112749195,
      "diameter": 0.6,
      "min_flow": -2180.5556,
      "length": 47648.2477658,
      "name": "pipe_105",
      "min_pressure": 101325.0,
      "to_node": 51,
      "max_flow": 2180.5556,
      "id": 8,
      "max_pressure": 8.101325e6,
      "fr_node": 49
    },
    "140": {
      "friction_factor": 0.010540876775273886,
      "diameter": 1.0,
      "min_flow": -2180.5556,
      "length": 10397.5682528,
      "name": "pipe_98",
      "min_pressure": 101325.0,
      "to_node": 100,
      "max_flow": 2180.5556,
      "id": 140,
      "max_pressure": 8.101325e6,
      "fr_node": 134
    },
    "64": {
      "friction_factor": 0.010540876775273886,
      "diameter": 1.0,
      "min_flow": -2180.5556,
      "length": 85857.9820653,
      "name": "pipe_29",
      "min_pressure": 101325.0,
      "to_node": 126,
      "max_flow": 2180.5556,
      "id": 64,
      "max_pressure": 8.101325e6,
      "fr_node": 117
    },
    "19": {
      "friction_factor": 0.010540876775273886,
      "diameter": 1.0,
      "min_flow": -2180.5556,
      "length": 75196.4293951,
      "name": "pipe_115",
      "min_pressure": 101325.0,
      "to_node": 27,
      "max_flow": 2180.5556,
      "id": 19,
      "max_pressure": 8.101325e6,
      "fr_node": 77
    },
    "91": {
      "friction_factor": 0.011571080112749195,
      "diameter": 0.6,
      "min_flow": -2180.5556,
      "length": 9209.87894494,
      "name": "pipe_53",
      "min_pressure": 101325.0,
      "to_node": 42,
      "max_flow": 2180.5556,
      "id": 91,
      "max_pressure": 8.101325e6,
      "fr_node": 33
    },
    "107": {
      "friction_factor": 0.010540876775273886,
      "diameter": 1.0,
      "min_flow": -2180.5556,
      "length": 8869.54237053,
      "name": "pipe_68",
      "min_pressure": 101325.0,
      "to_node": 71,
      "max_flow": 2180.5556,
      "id": 107,
      "max_pressure": 8.101325e6,
      "fr_node": 88
    },
    "102": {
      "friction_factor": 0.010540876775273886,
      "diameter": 1.0,
      "min_flow": -2180.5556,
      "length": 17417.5480678,
      "name": "pipe_63",
      "min_pressure": 101325.0,
      "to_node": 69,
      "max_flow": 2180.5556,
      "id": 102,
      "max_pressure": 8.101325e6,
      "fr_node": 68
    },
    "69": {
      "friction_factor": 0.010540876775273886,
      "diameter": 1.0,
      "min_flow": -2180.5556,
      "length": 37563.148777,
      "name": "pipe_33",
      "min_pressure": 101325.0,
      "to_node": 107,
      "max_flow": 2180.5556,
      "id": 69,
      "max_pressure": 8.101325e6,
      "fr_node": 126
    },
    "60": {
      "friction_factor": 0.010540876775273886,
      "diameter": 1.0,
      "min_flow": -2180.5556,
      "length": 73550.1565219,
      "name": "pipe_25",
      "min_pressure": 101325.0,
      "to_node": 102,
      "max_flow": 2180.5556,
      "id": 60,
      "max_pressure": 8.101325e6,
      "fr_node": 116
    },
    "97": {
      "friction_factor": 0.010540876775273886,
      "diameter": 1.0,
      "min_flow": -2180.5556,
      "length": 32476.949408700002,
      "name": "pipe_59",
      "min_pressure": 101325.0,
      "to_node": 96,
      "max_flow": 2180.5556,
      "id": 97,
      "max_pressure": 8.101325e6,
      "fr_node": 17
    },
    "4": {
      "friction_factor": 0.010540876775273886,
      "diameter": 1.0,
      "min_flow": -2180.5556,
      "length": 14097.1093233,
      "name": "pipe_101",
      "min_pressure": 101325.0,
      "to_node": 58,
      "max_flow": 2180.5556,
      "id": 4,
      "max_pressure": 8.101325e6,
      "fr_node": 48
    },
    "130": {
      "friction_factor": 0.010540876775273886,
      "diameter": 1.0,
      "min_flow": -2180.5556,
      "length": 87864.05736790001,
      "name": "pipe_89",
      "min_pressure": 101325.0,
      "to_node": 52,
      "max_flow": 2180.5556,
      "id": 130,
      "max_pressure": 8.101325e6,
      "fr_node": 26
    },
    "22": {
      "friction_factor": 0.010540876775273886,
      "diameter": 1.0,
      "min_flow": -2180.5556,
      "length": 27318.149588,
      "name": "pipe_118",
      "min_pressure": 101325.0,
      "to_node": 28,
      "max_flow": 2180.5556,
      "id": 22,
      "max_pressure": 8.101325e6,
      "fr_node": 24
    },
    "11": {
      "friction_factor": 0.010540876775273886,
      "diameter": 1.0,
      "min_flow": -2180.5556,
      "length": 89446.22745610001,
      "name": "pipe_108",
      "min_pressure": 101325.0,
      "to_node": 5,
      "max_flow": 2180.5556,
      "id": 11,
      "max_pressure": 8.101325e6,
      "fr_node": 78
    },
    "35": {
      "friction_factor": 0.010540876775273886,
      "diameter": 1.0,
      "min_flow": -2180.5556,
      "length": 61293.0070234,
      "name": "pipe_13",
      "min_pressure": 101325.0,
      "to_node": 31,
      "max_flow": 2180.5556,
      "id": 35,
      "max_pressure": 8.101325e6,
      "fr_node": 92
    },
    "13": {
      "friction_factor": 0.011571080112749195,
      "diameter": 0.6,
      "min_flow": -2180.5556,
      "length": 64597.223853,
      "name": "pipe_11",
      "min_pressure": 101325.0,
      "to_node": 122,
      "max_flow": 2180.5556,
      "id": 13,
      "max_pressure": 8.101325e6,
      "fr_node": 129
    },
    "136": {
      "friction_factor": 0.010540876775273886,
      "diameter": 1.0,
      "min_flow": -2180.5556,
      "length": 21281.5243847,
      "name": "pipe_94",
      "min_pressure": 101325.0,
      "to_node": 89,
      "max_flow": 2180.5556,
      "id": 136,
      "max_pressure": 8.101325e6,
      "fr_node": 72
    },
    "134": {
      "friction_factor": 0.010540876775273886,
      "diameter": 1.0,
      "min_flow": -2180.5556,
      "length": 33473.8696938,
      "name": "pipe_92",
      "min_pressure": 101325.0,
      "to_node": 91,
      "max_flow": 2180.5556,
      "id": 134,
      "max_pressure": 8.101325e6,
      "fr_node": 21
    },
    "133": {
      "friction_factor": 0.010540876775273886,
      "diameter": 1.0,
      "min_flow": -2180.5556,
      "length": 33438.206211900004,
      "name": "pipe_91",
      "min_pressure": 101325.0,
      "to_node": 91,
      "max_flow": 2180.5556,
      "id": 133,
      "max_pressure": 8.101325e6,
      "fr_node": 20
    },
    "131": {
      "friction_factor": 0.011571080112749195,
      "diameter": 0.6,
      "min_flow": -2180.5556,
      "length": 12536.236134899998,
      "name": "pipe_9",
      "min_pressure": 101325.0,
      "to_node": 56,
      "max_flow": 2180.5556,
      "id": 131,
      "max_pressure": 8.101325e6,
      "fr_node": 70
    },
    "15": {
      "friction_factor": 0.011571080112749195,
      "diameter": 0.6,
      "min_flow": -2180.5556,
      "length": 48033.1620915,
      "name": "pipe_111",
      "min_pressure": 101325.0,
      "to_node": 61,
      "max_flow": 2180.5556,
      "id": 15,
      "max_pressure": 8.101325e6,
      "fr_node": 74
    },
    "67": {
      "friction_factor": 0.010540876775273886,
      "diameter": 1.0,
      "min_flow": -2180.5556,
      "length": 10634.4892592,
      "name": "pipe_31",
      "min_pressure": 101325.0,
      "to_node": 75,
      "max_flow": 2180.5556,
      "id": 67,
      "max_pressure": 8.101325e6,
      "fr_node": 126
    },
    "61": {
      "friction_factor": 0.011571080112749195,
      "diameter": 0.6,
      "min_flow": -2180.5556,
      "length": 46081.596533,
      "name": "pipe_26",
      "min_pressure": 101325.0,
      "to_node": 128,
      "max_flow": 2180.5556,
      "id": 61,
      "max_pressure": 8.101325e6,
      "fr_node": 117
    },
    "108": {
      "friction_factor": 0.010540876775273886,
      "diameter": 1.0,
      "min_flow": -2180.5556,
      "length": 8869.54237053,
      "name": "pipe_69",
      "min_pressure": 101325.0,
      "to_node": 71,
      "max_flow": 2180.5556,
      "id": 108,
      "max_pressure": 8.101325e6,
      "fr_node": 88
    },
    "118": {
      "friction_factor": 0.010540876775273886,
      "diameter": 1.0,
      "min_flow": -2180.5556,
      "length": 24981.3111263,
      "name": "pipe_78",
      "min_pressure": 101325.0,
      "to_node": 60,
      "max_flow": 2180.5556,
      "id": 118,
      "max_pressure": 8.101325e6,
      "fr_node": 7
    },
    "100": {
      "friction_factor": 0.010540876775273886,
      "diameter": 1.0,
      "min_flow": -2180.5556,
      "length": 3274.8442140999996,
      "name": "pipe_61",
      "min_pressure": 101325.0,
      "to_node": 98,
      "max_flow": 2180.5556,
      "id": 100,
      "max_pressure": 8.101325e6,
      "fr_node": 96
    },
    "16": {
      "friction_factor": 0.010540876775273886,
      "diameter": 1.0,
      "min_flow": -2180.5556,
      "length": 19465.572945400003,
      "name": "pipe_112",
      "min_pressure": 101325.0,
      "to_node": 66,
      "max_flow": 2180.5556,
      "id": 16,
      "max_pressure": 8.101325e6,
      "fr_node": 74
    },
    "40": {
      "friction_factor": 0.010540876775273886,
      "diameter": 1.0,
      "min_flow": -2180.5556,
      "length": 6799.78855321,
      "name": "pipe_134",
      "min_pressure": 101325.0,
      "to_node": 46,
      "max_flow": 2180.5556,
      "id": 40,
      "max_pressure": 8.101325e6,
      "fr_node": 73
    },
    "21": {
      "friction_factor": 0.010540876775273886,
      "diameter": 1.0,
      "min_flow": -2180.5556,
      "length": 61179.7197437,
      "name": "pipe_117",
      "min_pressure": 101325.0,
      "to_node": 24,
      "max_flow": 2180.5556,
      "id": 21,
      "max_pressure": 8.101325e6,
      "fr_node": 77
    },
    "46": {
      "friction_factor": 0.011571080112749195,
      "diameter": 0.6,
      "min_flow": -2180.5556,
      "length": 43259.2640362,
      "name": "pipe_14",
      "min_pressure": 101325.0,
      "to_node": 47,
      "max_flow": 2180.5556,
      "id": 46,
      "max_pressure": 8.101325e6,
      "fr_node": 123
    },
    "38": {
      "friction_factor": 0.010540876775273886,
      "diameter": 1.0,
      "min_flow": -2180.5556,
      "length": 22865.4790199,
      "name": "pipe_132",
      "min_pressure": 101325.0,
      "to_node": 62,
      "max_flow": 2180.5556,
      "id": 38,
      "max_pressure": 8.101325e6,
      "fr_node": 95
    },
    "72": {
      "friction_factor": 0.011571080112749195,
      "diameter": 0.6,
      "min_flow": -2180.5556,
      "length": 34864.4564753,
      "name": "pipe_36",
      "min_pressure": 101325.0,
      "to_node": 101,
      "max_flow": 2180.5556,
      "id": 72,
      "max_pressure": 8.101325e6,
      "fr_node": 105
    },
    "83": {
      "friction_factor": 0.010540876775273886,
      "diameter": 1.0,
      "min_flow": -2180.5556,
      "length": 60573.463859999996,
      "name": "pipe_46",
      "min_pressure": 101325.0,
      "to_node": 85,
      "max_flow": 2180.5556,
      "id": 83,
      "max_pressure": 8.101325e6,
      "fr_node": 31
    },
    "45": {
      "friction_factor": 0.010540876775273886,
      "diameter": 1.0,
      "min_flow": -2180.5556,
      "length": 38054.088697700005,
      "name": "pipe_139",
      "min_pressure": 101325.0,
      "to_node": 35,
      "max_flow": 2180.5556,
      "id": 45,
      "max_pressure": 8.101325e6,
      "fr_node": 81
    },
    "68": {
      "friction_factor": 0.010540876775273886,
      "diameter": 1.0,
      "min_flow": -2180.5556,
      "length": 137584.529095,
      "name": "pipe_32",
      "min_pressure": 101325.0,
      "to_node": 87,
      "max_flow": 2180.5556,
      "id": 68,
      "max_pressure": 8.101325e6,
      "fr_node": 102
    },
    "139": {
      "friction_factor": 0.010540876775273886,
      "diameter": 1.0,
      "min_flow": -2180.5556,
      "length": 13796.8759156,
      "name": "pipe_97",
      "min_pressure": 101325.0,
      "to_node": 49,
      "max_flow": 2180.5556,
      "id": 139,
      "max_pressure": 8.101325e6,
      "fr_node": 48
    },
    "56": {
      "friction_factor": 0.011571080112749195,
      "diameter": 0.6,
      "min_flow": -2180.5556,
      "length": 69525.6850623,
      "name": "pipe_21",
      "min_pressure": 101325.0,
      "to_node": 117,
      "max_flow": 2180.5556,
      "id": 56,
      "max_pressure": 8.101325e6,
      "fr_node": 112
    },
    "116": {
      "friction_factor": 0.010540876775273886,
      "diameter": 1.0,
      "min_flow": -2180.5556,
      "length": 42281.4742459,
      "name": "pipe_76",
      "min_pressure": 101325.0,
      "to_node": 43,
      "max_flow": 2180.5556,
      "id": 116,
      "max_pressure": 8.101325e6,
      "fr_node": 131
    },
    "128": {
      "friction_factor": 0.010540876775273886,
      "diameter": 1.0,
      "min_flow": -2180.5556,
      "length": 49223.121766200005,
      "name": "pipe_87",
      "min_pressure": 101325.0,
      "to_node": 100,
      "max_flow": 2180.5556,
      "id": 128,
      "max_pressure": 8.101325e6,
      "fr_node": 43
    },
    "95": {
      "friction_factor": 0.010540876775273886,
      "diameter": 1.0,
      "min_flow": -2180.5556,
      "length": 61286.171295800006,
      "name": "pipe_57",
      "min_pressure": 101325.0,
      "to_node": 41,
      "max_flow": 2180.5556,
      "id": 95,
      "max_pressure": 8.101325e6,
      "fr_node": 93
    },
    "66": {
      "friction_factor": 0.011571080112749195,
      "diameter": 0.6,
      "min_flow": -2180.5556,
      "length": 10634.4892592,
      "name": "pipe_30",
      "min_pressure": 101325.0,
      "to_node": 75,
      "max_flow": 2180.5556,
      "id": 66,
      "max_pressure": 8.101325e6,
      "fr_node": 126
    },
    "76": {
      "friction_factor": 0.012500256972936696,
      "diameter": 0.4,
      "min_flow": -2180.5556,
      "length": 17722.0417037,
      "name": "pipe_4",
      "min_pressure": 101325.0,
      "to_node": 114,
      "max_flow": 2180.5556,
      "id": 76,
      "max_pressure": 8.101325e6,
      "fr_node": 113
    },
    "138": {
      "friction_factor": 0.010540876775273886,
      "diameter": 1.0,
      "min_flow": -2180.5556,
      "length": 63409.1674752,
      "name": "pipe_96",
      "min_pressure": 101325.0,
      "to_node": 78,
      "max_flow": 2180.5556,
      "id": 138,
      "max_pressure": 8.101325e6,
      "fr_node": 79
    },
    "36": {
      "friction_factor": 0.011571080112749195,
      "diameter": 0.6,
      "min_flow": -2180.5556,
      "length": 12358.4448789,
      "name": "pipe_130",
      "min_pressure": 101325.0,
      "to_node": 54,
      "max_flow": 2180.5556,
      "id": 36,
      "max_pressure": 8.101325e6,
      "fr_node": 90
    },
    "85": {
      "friction_factor": 0.011571080112749195,
      "diameter": 0.6,
      "min_flow": -2180.5556,
      "length": 25479.1293171,
      "name": "pipe_48",
      "min_pressure": 101325.0,
      "to_node": 86,
      "max_flow": 2180.5556,
      "id": 85,
      "max_pressure": 8.101325e6,
      "fr_node": 64
    },
    "135": {
      "friction_factor": 0.010540876775273886,
      "diameter": 1.0,
      "min_flow": -2180.5556,
      "length": 42519.4409038,
      "name": "pipe_93",
      "min_pressure": 101325.0,
      "to_node": 72,
      "max_flow": 2180.5556,
      "id": 135,
      "max_pressure": 8.101325e6,
      "fr_node": 57
    },
    "48": {
      "friction_factor": 0.011571080112749195,
      "diameter": 0.6,
      "min_flow": -2180.5556,
      "length": 9159.01470214,
      "name": "pipe_141",
      "min_pressure": 101325.0,
      "to_node": 67,
      "max_flow": 2180.5556,
      "id": 48,
      "max_pressure": 8.101325e6,
      "fr_node": 103
    },
    "103": {
      "friction_factor": 0.010540876775273886,
      "diameter": 1.0,
      "min_flow": -2180.5556,
      "length": 77016.0839526,
      "name": "pipe_64",
      "min_pressure": 101325.0,
      "to_node": 88,
      "max_flow": 2180.5556,
      "id": 103,
      "max_pressure": 8.101325e6,
      "fr_node": 69
    },
    "18": {
      "friction_factor": 0.010540876775273886,
      "diameter": 1.0,
      "min_flow": -2180.5556,
      "length": 31776.602863699998,
      "name": "pipe_114",
      "min_pressure": 101325.0,
      "to_node": 77,
      "max_flow": 2180.5556,
      "id": 18,
      "max_pressure": 8.101325e6,
      "fr_node": 66
    },
    "105": {
      "friction_factor": 0.010540876775273886,
      "diameter": 1.0,
      "min_flow": -2180.5556,
      "length": 9158.22165979,
      "name": "pipe_66",
      "min_pressure": 101325.0,
      "to_node": 32,
      "max_flow": 2180.5556,
      "id": 105,
      "max_pressure": 8.101325e6,
      "fr_node": 88
    },
    "3": {
      "friction_factor": 0.011571080112749195,
      "diameter": 0.6,
      "min_flow": -2180.5556,
      "length": 13796.8759156,
      "name": "pipe_100",
      "min_pressure": 101325.0,
      "to_node": 49,
      "max_flow": 2180.5556,
      "id": 3,
      "max_pressure": 8.101325e6,
      "fr_node": 48
    }
  },
  "resistors": {},
  "loss_resistors": {},
  "compressors": {
    "24": {
      "min_flow": -2180.5556,
      "name": "compressorStation_4",
      "to_node": 23,
      "max_flow": 2180.5556,
      "max_c_ratio": 2.2897713074250525,
      "id": 24,
      "min_c_ratio": 1.0,
      "fuel_node": 88,
      "internal_bypass_required": 1,
      "max_power": 2.4243872243367662e9,
      "fr_node": 88
    },
    "4": {
      "min_flow": -2180.5556,
      "name": "compressorStation_12",
      "to_node": 24,
      "max_flow": 2180.5556,
      "max_c_ratio": 2.2897713074250525,
      "id": 4,
      "min_c_ratio": 1.0,
      "fuel_node": 30,
      "internal_bypass_required": 1,
      "max_power": 2.4243872243367662e9,
      "fr_node": 30
    },
    "1": {
      "min_flow": -2180.5556,
      "name": "compressorStation_1",
      "to_node": 19,
      "max_flow": 2180.5556,
      "max_c_ratio": 2.2897713074250525,
      "id": 1,
      "min_c_ratio": 1.0,
      "fuel_node": 34,
      "internal_bypass_required": 1,
      "max_power": 2.4243872243367662e9,
      "fr_node": 34
    },
    "12": {
      "min_flow": -2180.5556,
      "name": "compressorStation_2",
      "to_node": 1,
      "max_flow": 2180.5556,
      "max_c_ratio": 2.2897713074250525,
      "id": 12,
      "min_c_ratio": 1.0,
      "fuel_node": 99,
      "internal_bypass_required": 1,
      "max_power": 2.4243872243367662e9,
      "fr_node": 99
    },
    "29": {
      "min_flow": -2180.5556,
      "name": "compressorStation_9",
      "to_node": 27,
      "max_flow": 2180.5556,
      "max_c_ratio": 2.2897713074250525,
      "id": 29,
      "min_c_ratio": 1.0,
      "fuel_node": 135,
      "internal_bypass_required": 1,
      "max_power": 2.4243872243367662e9,
      "fr_node": 135
    },
    "20": {
      "min_flow": -2180.5556,
      "name": "compressorStation_27",
      "to_node": 16,
      "max_flow": 2180.5556,
      "max_c_ratio": 2.2897713074250525,
      "id": 20,
      "min_c_ratio": 1.0,
      "fuel_node": 69,
      "internal_bypass_required": 1,
      "max_power": 2.4243872243367662e9,
      "fr_node": 69
    },
    "2": {
      "min_flow": -2180.5556,
      "name": "compressorStation_10",
      "to_node": 28,
      "max_flow": 2180.5556,
      "max_c_ratio": 2.2897713074250525,
      "id": 2,
      "min_c_ratio": 1.0,
      "fuel_node": 135,
      "internal_bypass_required": 1,
      "max_power": 2.4243872243367662e9,
      "fr_node": 135
    },
    "6": {
      "min_flow": -2180.5556,
      "name": "compressorStation_14",
      "to_node": 3,
      "max_flow": 2180.5556,
      "max_c_ratio": 2.2897713074250525,
      "id": 6,
      "min_c_ratio": 1.0,
      "fuel_node": 78,
      "internal_bypass_required": 1,
      "max_power": 2.4243872243367662e9,
      "fr_node": 78
    },
    "25": {
      "min_flow": -2180.5556,
      "name": "compressorStation_5",
      "to_node": 25,
      "max_flow": 2180.5556,
      "max_c_ratio": 2.2897713074250525,
      "id": 25,
      "min_c_ratio": 1.0,
      "fuel_node": 84,
      "internal_bypass_required": 1,
      "max_power": 2.4243872243367662e9,
      "fr_node": 84
    },
    "23": {
      "min_flow": -2180.5556,
      "name": "compressorStation_3",
      "to_node": 12,
      "max_flow": 2180.5556,
      "max_c_ratio": 2.2897713074250525,
      "id": 23,
      "min_c_ratio": 1.0,
      "fuel_node": 88,
      "internal_bypass_required": 1,
      "max_power": 2.4243872243367662e9,
      "fr_node": 88
    },
    "22": {
      "min_flow": -2180.5556,
      "name": "compressorStation_29",
      "to_node": 18,
      "max_flow": 2180.5556,
      "max_c_ratio": 2.2897713074250525,
      "id": 22,
      "min_c_ratio": 1.0,
      "fuel_node": 93,
      "internal_bypass_required": 1,
      "max_power": 2.4243872243367662e9,
      "fr_node": 93
    },
    "11": {
      "min_flow": -2180.5556,
      "name": "compressorStation_19",
      "to_node": 7,
      "max_flow": 2180.5556,
      "max_c_ratio": 2.2897713074250525,
      "id": 11,
      "min_c_ratio": 1.0,
      "fuel_node": 63,
      "internal_bypass_required": 1,
      "max_power": 2.4243872243367662e9,
      "fr_node": 63
    },
    "13": {
      "min_flow": -2180.5556,
      "name": "compressorStation_20",
      "to_node": 8,
      "max_flow": 2180.5556,
      "max_c_ratio": 2.2897713074250525,
      "id": 13,
      "min_c_ratio": 1.0,
      "fuel_node": 63,
      "internal_bypass_required": 1,
      "max_power": 2.4243872243367662e9,
      "fr_node": 63
    },
    "27": {
      "min_flow": -2180.5556,
      "name": "compressorStation_7",
      "to_node": 20,
      "max_flow": 2180.5556,
      "max_c_ratio": 2.2897713074250525,
      "id": 27,
      "min_c_ratio": 1.0,
      "fuel_node": 52,
      "internal_bypass_required": 1,
      "max_power": 2.4243872243367662e9,
      "fr_node": 52
    },
    "5": {
      "min_flow": -2180.5556,
      "name": "compressorStation_13",
      "to_node": 24,
      "max_flow": 2180.5556,
      "max_c_ratio": 2.2897713074250525,
      "id": 5,
      "min_c_ratio": 1.0,
      "fuel_node": 2,
      "internal_bypass_required": 1,
      "max_power": 2.4243872243367662e9,
      "fr_node": 2
    },
    "15": {
      "min_flow": -2180.5556,
      "name": "compressorStation_22",
      "to_node": 10,
      "max_flow": 2180.5556,
      "max_c_ratio": 2.2897713074250525,
      "id": 15,
      "min_c_ratio": 1.0,
      "fuel_node": 63,
      "internal_bypass_required": 1,
      "max_power": 2.4243872243367662e9,
      "fr_node": 63
    },
    "28": {
      "min_flow": -2180.5556,
      "name": "compressorStation_8",
      "to_node": 21,
      "max_flow": 2180.5556,
      "max_c_ratio": 2.2897713074250525,
      "id": 28,
      "min_c_ratio": 1.0,
      "fuel_node": 52,
      "internal_bypass_required": 1,
      "max_power": 2.4243872243367662e9,
      "fr_node": 52
    },
    "16": {
      "min_flow": -2180.5556,
      "name": "compressorStation_23",
      "to_node": 11,
      "max_flow": 2180.5556,
      "max_c_ratio": 2.2897713074250525,
      "id": 16,
      "min_c_ratio": 1.0,
      "fuel_node": 48,
      "internal_bypass_required": 1,
      "max_power": 2.4243872243367662e9,
      "fr_node": 48
    },
    "14": {
      "min_flow": -2180.5556,
      "name": "compressorStation_21",
      "to_node": 9,
      "max_flow": 2180.5556,
      "max_c_ratio": 2.2897713074250525,
      "id": 14,
      "min_c_ratio": 1.0,
      "fuel_node": 63,
      "internal_bypass_required": 1,
      "max_power": 2.4243872243367662e9,
      "fr_node": 63
    },
    "21": {
      "min_flow": -2180.5556,
      "name": "compressorStation_28",
      "to_node": 17,
      "max_flow": 2180.5556,
      "max_c_ratio": 2.2897713074250525,
      "id": 21,
      "min_c_ratio": 1.0,
      "fuel_node": 93,
      "internal_bypass_required": 1,
      "max_power": 2.4243872243367662e9,
      "fr_node": 93
    },
    "7": {
      "min_flow": -2180.5556,
      "name": "compressorStation_15",
      "to_node": 4,
      "max_flow": 2180.5556,
      "max_c_ratio": 2.2897713074250525,
      "id": 7,
      "min_c_ratio": 1.0,
      "fuel_node": 78,
      "internal_bypass_required": 1,
      "max_power": 2.4243872243367662e9,
      "fr_node": 78
    },
    "8": {
      "min_flow": -2180.5556,
      "name": "compressorStation_16",
      "to_node": 22,
      "max_flow": 2180.5556,
      "max_c_ratio": 2.2897713074250525,
      "id": 8,
      "min_c_ratio": 1.0,
      "fuel_node": 78,
      "internal_bypass_required": 1,
      "max_power": 2.4243872243367662e9,
      "fr_node": 78
    },
    "26": {
      "min_flow": -2180.5556,
      "name": "compressorStation_6",
      "to_node": 26,
      "max_flow": 2180.5556,
      "max_c_ratio": 2.2897713074250525,
      "id": 26,
      "min_c_ratio": 1.0,
      "fuel_node": 84,
      "internal_bypass_required": 1,
      "max_power": 2.4243872243367662e9,
      "fr_node": 84
    },
    "17": {
      "min_flow": -2180.5556,
      "name": "compressorStation_24",
      "to_node": 13,
      "max_flow": 2180.5556,
      "max_c_ratio": 2.2897713074250525,
      "id": 17,
      "min_c_ratio": 1.0,
      "fuel_node": 48,
      "internal_bypass_required": 1,
      "max_power": 2.4243872243367662e9,
      "fr_node": 48
    },
    "10": {
      "min_flow": -2180.5556,
      "name": "compressorStation_18",
      "to_node": 6,
      "max_flow": 2180.5556,
      "max_c_ratio": 2.2897713074250525,
      "id": 10,
      "min_c_ratio": 1.0,
      "fuel_node": 77,
      "internal_bypass_required": 1,
      "max_power": 2.4243872243367662e9,
      "fr_node": 77
    },
    "19": {
      "min_flow": -2180.5556,
      "name": "compressorStation_26",
      "to_node": 15,
      "max_flow": 2180.5556,
      "max_c_ratio": 2.2897713074250525,
      "id": 19,
      "min_c_ratio": 1.0,
      "fuel_node": 80,
      "internal_bypass_required": 1,
      "max_power": 2.4243872243367662e9,
      "fr_node": 80
    },
    "9": {
      "min_flow": -2180.5556,
      "name": "compressorStation_17",
      "to_node": 5,
      "max_flow": 2180.5556,
      "max_c_ratio": 2.2897713074250525,
      "id": 9,
      "min_c_ratio": 1.0,
      "fuel_node": 77,
      "internal_bypass_required": 1,
      "max_power": 2.4243872243367662e9,
      "fr_node": 77
    },
    "18": {
      "min_flow": -2180.5556,
      "name": "compressorStation_25",
      "to_node": 14,
      "max_flow": 2180.5556,
      "max_c_ratio": 2.2897713074250525,
      "id": 18,
      "min_c_ratio": 1.0,
      "fuel_node": 80,
      "internal_bypass_required": 1,
      "max_power": 2.4243872243367662e9,
      "fr_node": 80
    },
    "3": {
      "min_flow": -2180.5556,
      "name": "compressorStation_11",
      "to_node": 29,
      "max_flow": 2180.5556,
      "max_c_ratio": 2.2897713074250525,
      "id": 3,
      "min_c_ratio": 1.0,
      "fuel_node": 135,
      "internal_bypass_required": 1,
      "max_power": 2.4243872243367662e9,
      "fr_node": 135
    }
  },
  "control_valves": {},
  "entries": {
    "4": {
      "name": "source_4",
      "id": 4,
      "node_id": 133
    },
    "1": {
      "name": "source_1",
      "id": 1,
      "node_id": 130
    },
    "5": {
      "name": "source_5",
      "id": 5,
      "node_id": 134
    },
    "2": {
      "name": "source_2",
      "id": 2,
      "node_id": 131
    },
    "6": {
      "name": "source_6",
      "id": 6,
      "node_id": 135
    },
    "3": {
      "name": "source_3",
      "id": 3,
      "node_id": 132
    }
  },
  "exits": {
    "32": {
      "name": "sink_38",
      "id": 32,
      "node_id": 62
    },
    "29": {
      "name": "sink_35",
      "id": 29,
      "node_id": 59
    },
    "81": {
      "name": "sink_82",
      "id": 81,
      "node_id": 111
    },
    "54": {
      "name": "sink_58",
      "id": 54,
      "node_id": 84
    },
    "78": {
      "name": "sink_8",
      "id": 78,
      "node_id": 108
    },
    "1": {
      "name": "sink_1",
      "id": 1,
      "node_id": 31
    },
    "2": {
      "name": "sink_10",
      "id": 2,
      "node_id": 32
    },
    "74": {
      "name": "sink_76",
      "id": 74,
      "node_id": 104
    },
    "41": {
      "name": "sink_46",
      "id": 41,
      "node_id": 71
    },
    "65": {
      "name": "sink_68",
      "id": 65,
      "node_id": 95
    },
    "51": {
      "name": "sink_55",
      "id": 51,
      "node_id": 81
    },
    "53": {
      "name": "sink_57",
      "id": 53,
      "node_id": 83
    },
    "27": {
      "name": "sink_33",
      "id": 27,
      "node_id": 57
    },
    "75": {
      "name": "sink_77",
      "id": 75,
      "node_id": 105
    },
    "42": {
      "name": "sink_47",
      "id": 42,
      "node_id": 72
    },
    "33": {
      "name": "sink_39",
      "id": 33,
      "node_id": 63
    },
    "28": {
      "name": "sink_34",
      "id": 28,
      "node_id": 58
    },
    "52": {
      "name": "sink_56",
      "id": 52,
      "node_id": 82
    },
    "50": {
      "name": "sink_54",
      "id": 50,
      "node_id": 80
    },
    "63": {
      "name": "sink_66",
      "id": 63,
      "node_id": 93
    },
    "92": {
      "name": "sink_92",
      "id": 92,
      "node_id": 122
    },
    "88": {
      "name": "sink_89",
      "id": 88,
      "node_id": 118
    },
    "93": {
      "name": "sink_93",
      "id": 93,
      "node_id": 123
    },
    "26": {
      "name": "sink_32",
      "id": 26,
      "node_id": 56
    },
    "10": {
      "name": "sink_18",
      "id": 10,
      "node_id": 40
    },
    "77": {
      "name": "sink_79",
      "id": 77,
      "node_id": 107
    },
    "24": {
      "name": "sink_30",
      "id": 24,
      "node_id": 54
    },
    "87": {
      "name": "sink_88",
      "id": 87,
      "node_id": 117
    },
    "58": {
      "name": "sink_61",
      "id": 58,
      "node_id": 88
    },
    "25": {
      "name": "sink_31",
      "id": 25,
      "node_id": 55
    },
    "23": {
      "name": "sink_3",
      "id": 23,
      "node_id": 53
    },
    "49": {
      "name": "sink_53",
      "id": 49,
      "node_id": 79
    },
    "59": {
      "name": "sink_62",
      "id": 59,
      "node_id": 89
    },
    "89": {
      "name": "sink_9",
      "id": 89,
      "node_id": 119
    },
    "5": {
      "name": "sink_13",
      "id": 5,
      "node_id": 35
    },
    "31": {
      "name": "sink_37",
      "id": 31,
      "node_id": 61
    },
    "62": {
      "name": "sink_65",
      "id": 62,
      "node_id": 92
    },
    "43": {
      "name": "sink_48",
      "id": 43,
      "node_id": 73
    },
    "90": {
      "name": "sink_90",
      "id": 90,
      "node_id": 120
    },
    "39": {
      "name": "sink_44",
      "id": 39,
      "node_id": 69
    },
    "34": {
      "name": "sink_4",
      "id": 34,
      "node_id": 64
    },
    "44": {
      "name": "sink_49",
      "id": 44,
      "node_id": 74
    },
    "94": {
      "name": "sink_94",
      "id": 94,
      "node_id": 124
    },
    "55": {
      "name": "sink_59",
      "id": 55,
      "node_id": 85
    },
    "86": {
      "name": "sink_87",
      "id": 86,
      "node_id": 116
    },
    "17": {
      "name": "sink_24",
      "id": 17,
      "node_id": 47
    },
    "99": {
      "name": "sink_99",
      "id": 99,
      "node_id": 129
    },
    "71": {
      "name": "sink_73",
      "id": 71,
      "node_id": 101
    },
    "37": {
      "name": "sink_42",
      "id": 37,
      "node_id": 67
    },
    "47": {
      "name": "sink_51",
      "id": 47,
      "node_id": 77
    },
    "9": {
      "name": "sink_17",
      "id": 9,
      "node_id": 39
    },
    "73": {
      "name": "sink_75",
      "id": 73,
      "node_id": 103
    },
    "82": {
      "name": "sink_83",
      "id": 82,
      "node_id": 112
    },
    "12": {
      "name": "sink_2",
      "id": 12,
      "node_id": 42
    },
    "79": {
      "name": "sink_80",
      "id": 79,
      "node_id": 109
    },
    "20": {
      "name": "sink_27",
      "id": 20,
      "node_id": 50
    },
    "6": {
      "name": "sink_14",
      "id": 6,
      "node_id": 36
    },
    "84": {
      "name": "sink_85",
      "id": 84,
      "node_id": 114
    },
    "80": {
      "name": "sink_81",
      "id": 80,
      "node_id": 110
    },
    "98": {
      "name": "sink_98",
      "id": 98,
      "node_id": 128
    },
    "70": {
      "name": "sink_72",
      "id": 70,
      "node_id": 100
    },
    "14": {
      "name": "sink_21",
      "id": 14,
      "node_id": 44
    },
    "7": {
      "name": "sink_15",
      "id": 7,
      "node_id": 37
    },
    "96": {
      "name": "sink_96",
      "id": 96,
      "node_id": 126
    },
    "57": {
      "name": "sink_60",
      "id": 57,
      "node_id": 87
    },
    "8": {
      "name": "sink_16",
      "id": 8,
      "node_id": 38
    },
    "64": {
      "name": "sink_67",
      "id": 64,
      "node_id": 94
    },
    "19": {
      "name": "sink_26",
      "id": 19,
      "node_id": 49
    },
    "91": {
      "name": "sink_91",
      "id": 91,
      "node_id": 121
    },
    "69": {
      "name": "sink_71",
      "id": 69,
      "node_id": 99
    },
    "60": {
      "name": "sink_63",
      "id": 60,
      "node_id": 90
    },
    "97": {
      "name": "sink_97",
      "id": 97,
      "node_id": 127
    },
    "4": {
      "name": "sink_12",
      "id": 4,
      "node_id": 34
    },
    "22": {
      "name": "sink_29",
      "id": 22,
      "node_id": 52
    },
    "11": {
      "name": "sink_19",
      "id": 11,
      "node_id": 41
    },
    "35": {
      "name": "sink_40",
      "id": 35,
      "node_id": 65
    },
    "13": {
      "name": "sink_20",
      "id": 13,
      "node_id": 43
    },
    "61": {
      "name": "sink_64",
      "id": 61,
      "node_id": 91
    },
    "67": {
      "name": "sink_7",
      "id": 67,
      "node_id": 97
    },
    "15": {
      "name": "sink_22",
      "id": 15,
      "node_id": 45
    },
    "16": {
      "name": "sink_23",
      "id": 16,
      "node_id": 46
    },
    "40": {
      "name": "sink_45",
      "id": 40,
      "node_id": 70
    },
    "21": {
      "name": "sink_28",
      "id": 21,
      "node_id": 51
    },
    "46": {
      "name": "sink_50",
      "id": 46,
      "node_id": 76
    },
    "38": {
      "name": "sink_43",
      "id": 38,
      "node_id": 68
    },
    "72": {
      "name": "sink_74",
      "id": 72,
      "node_id": 102
    },
    "83": {
      "name": "sink_84",
      "id": 83,
      "node_id": 113
    },
    "45": {
      "name": "sink_5",
      "id": 45,
      "node_id": 75
    },
    "68": {
      "name": "sink_70",
      "id": 68,
      "node_id": 98
    },
    "56": {
      "name": "sink_6",
      "id": 56,
      "node_id": 86
    },
    "36": {
      "name": "sink_41",
      "id": 36,
      "node_id": 66
    },
    "95": {
      "name": "sink_95",
      "id": 95,
      "node_id": 125
    },
    "66": {
      "name": "sink_69",
      "id": 66,
      "node_id": 96
    },
    "76": {
      "name": "sink_78",
      "id": 76,
      "node_id": 106
    },
    "85": {
      "name": "sink_86",
      "id": 85,
      "node_id": 115
    },
    "48": {
      "name": "sink_52",
      "id": 48,
      "node_id": 78
    },
    "18": {
      "name": "sink_25",
      "id": 18,
      "node_id": 48
    },
    "30": {
      "name": "sink_36",
      "id": 30,
      "node_id": 60
    },
    "3": {
      "name": "sink_11",
      "id": 3,
      "node_id": 33
    }
  }
}
