{
  "GasLib-135": {
    "delivery_nominations": {
      "32": {
        "cost": 1.0,
        "max_withdrawal": 8.722222222222221,
        "min_withdrawal": 8.722222222222221
      },
      "29": {
        "cost": 1.0,
        "max_withdrawal": 8.722222222222221,
        "min_withdrawal": 8.722222222222221
      },
      "81": {
        "cost": 1.0,
        "max_withdrawal": 8.722222222222221,
        "min_withdrawal": 8.722222222222221
      },
      "54": {
        "cost": 1.0,
        "max_withdrawal": 8.722222222222221,
        "min_withdrawal": 8.722222222222221
      },
      "78": {
        "cost": 1.0,
        "max_withdrawal": 8.722222222222221,
        "min_withdrawal": 8.722222222222221
      },
      "1": {
        "cost": 1.0,
        "max_withdrawal": 8.722222222222221,
        "min_withdrawal": 8.722222222222221
      },
      "2": {
        "cost": 1.0,
        "max_withdrawal": 8.722222222222221,
        "min_withdrawal": 8.722222222222221
      },
      "74": {
        "cost": 1.0,
        "max_withdrawal": 8.722222222222221,
        "min_withdrawal": 8.722222222222221
      },
      "41": {
        "cost": 1.0,
        "max_withdrawal": 8.722222222222221,
        "min_withdrawal": 8.722222222222221
      },
      "65": {
        "cost": 1.0,
        "max_withdrawal": 8.722222222222221,
        "min_withdrawal": 8.722222222222221
      },
      "51": {
        "cost": 1.0,
        "max_withdrawal": 8.722222222222221,
        "min_withdrawal": 8.722222222222221
      },
      "53": {
        "cost": 1.0,
        "max_withdrawal": 8.722222222222221,
        "min_withdrawal": 8.722222222222221
      },
      "27": {
        "cost": 1.0,
        "max_withdrawal": 8.722222222222221,
        "min_withdrawal": 8.722222222222221
      },
      "75": {
        "cost": 1.0,
        "max_withdrawal": 8.722222222222221,
        "min_withdrawal": 8.722222222222221
      },
      "42": {
        "cost": 1.0,
        "max_withdrawal": 8.722222222222221,
        "min_withdrawal": 8.722222222222221
      },
      "33": {
        "cost": 1.0,
        "max_withdrawal": 8.722222222222221,
        "min_withdrawal": 8.722222222222221
      },
      "28": {
        "cost": 1.0,
        "max_withdrawal": 8.722222222222221,
        "min_withdrawal": 8.722222222222221
      },
      "52": {
        "cost": 1.0,
        "max_withdrawal": 8.722222222222221,
        "min_withdrawal": 8.722222222222221
      },
      "50": {
        "cost": 1.0,
        "max_withdrawal": 8.722222222222221,
        "min_withdrawal": 8.722222222222221
      },
      "63": {
        "cost": 1.0,
        "max_withdrawal": 8.722222222222221,
        "min_withdrawal": 8.722222222222221
      },
      "92": {
        "cost": 1.0,
        "max_withdrawal": 8.722222222222221,
        "min_withdrawal": 8.722222222222221
      },
      "88": {
        "cost": 1.0,
        "max_withdrawal": 8.722222222222221,
        "min_withdrawal": 8.722222222222221
      },
      "93": {
        "cost": 1.0,
        "max_withdrawal": 8.722222222222221,
        "min_withdrawal": 8.722222222222221
      },
      "26": {
        "cost": 1.0,
        "max_withdrawal": 8.722222222222221,
        "min_withdrawal": 8.722222222222221
      },
      "10": {
        "cost": 1.0,
        "max_withdrawal": 8.722222222222221,
        "min_withdrawal": 8.722222222222221
      },
      "77": {
        "cost": 1.0,
        "max_withdrawal": 8.722222222222221,
        "min_withdrawal": 8.722222222222221
      },
      "24": {
        "cost": 1.0,
        "max_withdrawal": 8.722222222222221,
        "min_withdrawal": 8.722222222222221
      },
      "87": {
        "cost": 1.0,
        "max_withdrawal": 8.722222222222221,
        "min_withdrawal": 8.722222222222221
      },
      "58": {
        "cost": 1.0,
        "max_withdrawal": 8.722222222222221,
        "min_withdrawal": 8.722222222222221
      },
      "25": {
        "cost": 1.0,
        "max_withdrawal": 8.722222222222221,
        "min_withdrawal": 8.722222222222221
      },
      "23": {
        "cost": 1.0,
        "max_withdrawal": 8.722222222222221,
        "min_withdrawal": 8.722222222222221
      },
      "49": {
        "cost": 1.0,
        "max_withdrawal": 8.722222222222221,
        "min_withdrawal": 8.722222222222221
      },
      "59": {
        "cost": 1.0,
        "max_withdrawal": 8.722222222222221,
        "min_withdrawal": 8.722222222222221
      },
      "89": {
        "cost": 1.0,
        "max_withdrawal": 8.722222222222221,
        "min_withdrawal": 8.722222222222221
      },
      "5": {
        "cost": 1.0,
        "max_withdrawal": 8.722222222222221,
        "min_withdrawal": 8.722222222222221
      },
      "31": {
        "cost": 1.0,
        "max_withdrawal": 8.722222222222221,
        "min_withdrawal": 8.722222222222221
      },
      "62": {
        "cost": 1.0,
        "max_withdrawal": 8.722222222222221,
        "min_withdrawal": 8.722222222222221
      },
      "43": {
        "cost": 1.0,
        "max_withdrawal": 8.722222222222221,
        "min_withdrawal": 8.722222222222221
      },
      "90": {
        "cost": 1.0,
        "max_withdrawal": 8.722222222222221,
        "min_withdrawal": 8.722222222222221
      },
      "39": {
        "cost": 1.0,
        "max_withdrawal": 8.722222222222221,
        "min_withdrawal": 8.722222222222221
      },
      "34": {
        "cost": 1.0,
        "max_withdrawal": 8.722222222222221,
        "min_withdrawal": 8.722222222222221
      },
      "44": {
        "cost": 1.0,
        "max_withdrawal": 8.722222222222221,
        "min_withdrawal": 8.722222222222221
      },
      "94": {
        "cost": 1.0,
        "max_withdrawal": 8.722222222222221,
        "min_withdrawal": 8.722222222222221
      },
      "55": {
        "cost": 1.0,
        "max_withdrawal": 8.722222222222221,
        "min_withdrawal": 8.722222222222221
      },
      "86": {
        "cost": 1.0,
        "max_withdrawal": 8.722222222222221,
        "min_withdrawal": 8.722222222222221
      },
      "17": {
        "cost": 1.0,
        "max_withdrawal": 8.722222222222221,
        "min_withdrawal": 8.722222222222221
      },
      "99": {
        "cost": 1.0,
        "max_withdrawal": 8.722222222222221,
        "min_withdrawal": 8.722222222222221
      },
      "71": {
        "cost": 1.0,
        "max_withdrawal": 8.722222222222221,
        "min_withdrawal": 8.722222222222221
      },
      "37": {
        "cost": 1.0,
        "max_withdrawal": 8.722222222222221,
        "min_withdrawal": 8.722222222222221
      },
      "47": {
        "cost": 1.0,
        "max_withdrawal": 8.722222222222221,
        "min_withdrawal": 8.722222222222221
      },
      "9": {
        "cost": 1.0,
        "max_withdrawal": 8.722222222222221,
        "min_withdrawal": 8.722222222222221
      },
      "73": {
        "cost": 1.0,
        "max_withdrawal": 8.722222222222221,
        "min_withdrawal": 8.722222222222221
      },
      "82": {
        "cost": 1.0,
        "max_withdrawal": 8.722222222222221,
        "min_withdrawal": 8.722222222222221
      },
      "12": {
        "cost": 1.0,
        "max_withdrawal": 8.722222222222221,
        "min_withdrawal": 8.722222222222221
      },
      "79": {
        "cost": 1.0,
        "max_withdrawal": 8.722222222222221,
        "min_withdrawal": 8.722222222222221
      },
      "20": {
        "cost": 1.0,
        "max_withdrawal": 8.722222222222221,
        "min_withdrawal": 8.722222222222221
      },
      "6": {
        "cost": 1.0,
        "max_withdrawal": 8.722222222222221,
        "min_withdrawal": 8.722222222222221
      },
      "84": {
        "cost": 1.0,
        "max_withdrawal": 8.722222222222221,
        "min_withdrawal": 8.722222222222221
      },
      "80": {
        "cost": 1.0,
        "max_withdrawal": 8.722222222222221,
        "min_withdrawal": 8.722222222222221
      },
      "98": {
        "cost": 1.0,
        "max_withdrawal": 8.722222222222221,
        "min_withdrawal": 8.722222222222221
      },
      "70": {
        "cost": 1.0,
        "max_withdrawal": 8.722222222222221,
        "min_withdrawal": 8.722222222222221
      },
      "14": {
        "cost": 1.0,
        "max_withdrawal": 8.722222222222221,
        "min_withdrawal": 8.722222222222221
      },
      "7": {
        "cost": 1.0,
        "max_withdrawal": 8.722222222222221,
        "min_withdrawal": 8.722222222222221
      },
      "96": {
        "cost": 1.0,
        "max_withdrawal": 8.722222222222221,
        "min_withdrawal": 8.722222222222221
      },
      "57": {
        "cost": 1.0,
        "max_withdrawal": 8.722222222222221,
        "min_withdrawal": 8.722222222222221
      },
      "8": {
        "cost": 1.0,
        "max_withdrawal": 8.722222222222221,
        "min_withdrawal": 8.722222222222221
      },
      "64": {
        "cost": 1.0,
        "max_withdrawal": 8.722222222222221,
        "min_withdrawal": 8.722222222222221
      },
      "19": {
        "cost": 1.0,
        "max_withdrawal": 8.722222222222221,
        "min_withdrawal": 8.722222222222221
      },
      "91": {
        "cost": 1.0,
        "max_withdrawal": 8.722222222222221,
        "min_withdrawal": 8.722222222222221
      },
      "69": {
        "cost": 1.0,
        "max_withdrawal": 8.722222222222221,
        "min_withdrawal": 8.722222222222221
      },
      "60": {
        "cost": 1.0,
        "max_withdrawal": 8.722222222222221,
        "min_withdrawal": 8.722222222222221
      },
      "97": {
        "cost": 1.0,
        "max_withdrawal": 8.722222222222221,
        "min_withdrawal": 8.722222222222221
      },
      "4": {
        "cost": 1.0,
        "max_withdrawal": 8.722222222222221,
        "min_withdrawal": 8.722222222222221
      },
      "22": {
        "cost": 1.0,
        "max_withdrawal": 8.722222222222221,
        "min_withdrawal": 8.722222222222221
      },
      "11": {
        "cost": 1.0,
        "max_withdrawal": 8.722222222222221,
        "min_withdrawal": 8.722222222222221
      },
      "35": {
        "cost": 1.0,
        "max_withdrawal": 8.722222222222221,
        "min_withdrawal": 8.722222222222221
      },
      "13": {
        "cost": 1.0,
        "max_withdrawal": 8.722222222222221,
        "min_withdrawal": 8.722222222222221
      },
      "61": {
        "cost": 1.0,
        "max_withdrawal": 8.722222222222221,
        "min_withdrawal": 8.722222222222221
      },
      "67": {
        "cost": 1.0,
        "max_withdrawal": 8.722222222222221,
        "min_withdrawal": 8.722222222222221
      },
      "15": {
        "cost": 1.0,
        "max_withdrawal": 8.722222222222221,
        "min_withdrawal": 8.722222222222221
      },
      "16": {
        "cost": 1.0,
        "max_withdrawal": 8.722222222222221,
        "min_withdrawal": 8.722222222222221
      },
      "40": {
        "cost": 1.0,
        "max_withdrawal": 8.722222222222221,
        "min_withdrawal": 8.722222222222221
      },
      "21": {
        "cost": 1.0,
        "max_withdrawal": 8.722222222222221,
        "min_withdrawal": 8.722222222222221
      },
      "46": {
        "cost": 1.0,
        "max_withdrawal": 8.722222222222221,
        "min_withdrawal": 8.722222222222221
      },
      "38": {
        "cost": 1.0,
        "max_withdrawal": 8.722222222222221,
        "min_withdrawal": 8.722222222222221
      },
      "72": {
        "cost": 1.0,
        "max_withdrawal": 8.722222222222221,
        "min_withdrawal": 8.722222222222221
      },
      "83": {
        "cost": 1.0,
        "max_withdrawal": 8.722222222222221,
        "min_withdrawal": 8.722222222222221
      },
      "45": {
        "cost": 1.0,
        "max_withdrawal": 8.722222222222221,
        "min_withdrawal": 8.722222222222221
      },
      "68": {
        "cost": 1.0,
        "max_withdrawal": 8.722222222222221,
        "min_withdrawal": 8.722222222222221
      },
      "56": {
        "cost": 1.0,
        "max_withdrawal": 8.722222222222221,
        "min_withdrawal": 8.722222222222221
      },
      "36": {
        "cost": 1.0,
        "max_withdrawal": 8.722222222222221,
        "min_withdrawal": 8.722222222222221
      },
      "95": {
        "cost": 1.0,
        "max_withdrawal": 8.722222222222221,
        "min_withdrawal": 8.722222222222221
      },
      "66": {
        "cost": 1.0,
        "max_withdrawal": 8.722222222222221,
        "min_withdrawal": 8.722222222222221
      },
      "76": {
        "cost": 1.0,
        "max_withdrawal": 8.722222222222221,
        "min_withdrawal": 8.722222222222221
      },
      "85": {
        "cost": 1.0,
        "max_withdrawal": 8.722222222222221,
        "min_withdrawal": 8.722222222222221
      },
      "48": {
        "cost": 1.0,
        "max_withdrawal": 8.722222222222221,
        "min_withdrawal": 8.722222222222221
      },
      "18": {
        "cost": 1.0,
        "max_withdrawal": 8.722222222222221,
        "min_withdrawal": 8.722222222222221
      },
      "30": {
        "cost": 1.0,
        "max_withdrawal": 8.722222222222221,
        "min_withdrawal": 8.722222222222221
      },
      "3": {
        "cost": 1.0,
        "max_withdrawal": 8.722222222222221,
        "min_withdrawal": 8.722222222222221
      }
    },
    "receipt_nominations": {
      "4": {
        "max_injection": 143.91666666666669,
        "cost": 1.0,
        "min_injection": 143.91666666666669
      },
      "1": {
        "max_injection": 143.91666666666669,
        "cost": 1.0,
        "min_injection": 143.91666666666669
      },
      "5": {
        "max_injection": 143.91666666666669,
        "cost": 1.0,
        "min_injection": 143.91666666666669
      },
      "2": {
        "max_injection": 143.91666666666669,
        "cost": 1.0,
        "min_injection": 143.91666666666669
      },
      "6": {
        "max_injection": 143.91666666666669,
        "cost": 1.0,
        "min_injection": 143.91666666666669
      },
      "3": {
        "max_injection": 143.91666666666669,
        "cost": 1.0,
        "min_injection": 143.91666666666669
      }
    }
  }
}
