{
  "nomination_cool_2535": "4189",
  "nomination_cold_1536": "4188",
  "nomination_warm_2073": "4189",
  "nomination_cool_2132": "4188",
  "nomination_hot_1535": "3393",
  "nomination_cool_0387": "4188",
  "nomination_hot_0628": "4189",
  "nomination_cool_0712": "4188",
  "nomination_mild_0804": "4188",
  "nomination_mild_0221": "4188",
  "nomination_cool_1282": "4189",
  "nomination_cold_0851": "4188",
  "nomination_cold_1225": "4188",
  "nomination_cool_1904": "4189",
  "nomination_cool_1832": "4189",
  "nomination_hot_1016": "4189",
  "nomination_cold_2623": "4188",
  "nomination_cold_0938": "4188",
  "nomination_warm_1952": "4188",
  "nomination_cool_0573": "4188",
  "nomination_cool_0758": "4189",
  "nomination_cool_0256": "4188",
  "nomination_cool_0635": "4189",
  "nomination_cool_0849": "4188",
  "nomination_mild_1776": "4189",
  "nomination_warm_1272": "4188",
  "nomination_hot_0469": "4188",
  "nomination_cold_0264": "4188",
  "nomination_mild_2390": "4188",
  "nomination_cool_1384": "4188",
  "nomination_cool_2115": "4188",
  "nomination_warm_2189": "4189",
  "nomination_cold_1057": "4188",
  "nomination_mild_2454": "4188",
  "nomination_cold_0663": "4188",
  "nomination_hot_1031": "4189",
  "nomination_hot_2020": "4188",
  "nomination_warm_0395": "4188",
  "nomination_hot_2833": "4188",
  "nomination_cold_1098": "4188",
  "nomination_mild_0103": "4188",
  "nomination_warm_1804": "4189",
  "nomination_cool_2859": "4188",
  "nomination_warm_2680": "4188",
  "nomination_cold_0245": "4188",
  "nomination_cool_1152": "4188",
  "nomination_warm_2485": "4189",
  "nomination_cold_0734": "4188",
  "nomination_warm_1146": "4189",
  "nomination_mild_2643": "4188",
  "nomination_hot_1831": "4188",
  "nomination_hot_0512": "4188",
  "nomination_mild_1311": "4189",
  "nomination_hot_1884": "4188",
  "nomination_cool_2360": "4189",
  "nomination_cold_1084": "4188",
  "nomination_cool_0088": "4188",
  "nomination_warm_2185": "4188",
  "nomination_warm_1880": "4188",
  "nomination_warm_1499": "4188",
  "nomination_cool_1747": "4189",
  "nomination_warm_2183": "4188",
  "nomination_mild_2022": "4189",
  "nomination_cool_0987": "4188",
  "nomination_cool_2516": "4188",
  "nomination_cold_1305": "4188",
  "nomination_mild_0335": "4188",
  "nomination_cool_1789": "4188",
  "nomination_warm_0753": "4188",
  "nomination_cold_0652": "4188",
  "nomination_cold_0704": "4188",
  "nomination_cool_0529": "4188",
  "nomination_cool_0362": "4188",
  "nomination_cold_0814": "4188",
  "nomination_hot_0947": "4189",
  "nomination_cool_1363": "4188",
  "nomination_hot_2621": "4189",
  "nomination_mild_2799": "4188",
  "nomination_hot_0879": "4188",
  "nomination_cool_2170": "4188",
  "nomination_mild_0811": "4189",
  "nomination_cool_1615": "4189",
  "nomination_cold_2173": "4188",
  "nomination_mild_2526": "4188",
  "nomination_mild_1670": "4189",
  "nomination_mild_1848": "4189",
  "nomination_cold_2527": "4188",
  "nomination_cool_0775": "4188",
  "nomination_cool_0945": "4188",
  "nomination_hot_0716": "4188",
  "nomination_warm_2602": "4188",
  "nomination_mild_2804": "4188",
  "nomination_cool_0802": "4189",
  "nomination_mild_0376": "4189",
  "nomination_cold_0914": "4188",
  "nomination_cold_0863": "4188",
  "nomination_hot_1351": "4189",
  "nomination_cool_0443": "4188",
  "nomination_mild_2017": "4188",
  "nomination_cold_1538": "4188",
  "nomination_hot_1041": "4188",
  "nomination_hot_1324": "3393",
  "nomination_cold_1119": "4188",
  "nomination_cold_0115": "4188",
  "nomination_cold_2005": "4188",
  "nomination_cold_0317": "4188",
  "nomination_cold_2741": "4188",
  "nomination_cold_0131": "4188",
  "nomination_cool_0960": "4188",
  "nomination_cold_1392": "4188",
  "nomination_hot_0875": "4188",
  "nomination_hot_1129": "4189",
  "nomination_hot_0194": "4189",
  "nomination_cool_2736": "4188",
  "nomination_hot_0209": "4188",
  "nomination_warm_0688": "4188",
  "nomination_warm_1191": "4188",
  "nomination_cold_0396": "4188",
  "nomination_cold_1647": "4188",
  "nomination_warm_1126": "4189",
  "nomination_cold_1437": "4188",
  "nomination_cold_2544": "4188",
  "nomination_cold_0275": "4188",
  "nomination_hot_1725": "4189",
  "nomination_warm_0798": "4189",
  "nomination_hot_1073": "4189",
  "nomination_mild_1675": "4188",
  "nomination_warm_1159": "4189",
  "nomination_warm_1067": "4188",
  "nomination_hot_0749": "4188",
  "nomination_hot_0831": "4189",
  "nomination_warm_0789": "4189",
  "nomination_hot_1455": "4188",
  "nomination_mild_1040": "4188",
  "nomination_mild_1047": "4188",
  "nomination_hot_0774": "4189",
  "nomination_warm_2727": "4189",
  "nomination_cold_0721": "4188",
  "nomination_warm_0438": "4188",
  "nomination_warm_1245": "4189",
  "nomination_cool_1297": "4188",
  "nomination_mild_0910": "4188",
  "nomination_warm_1247": "4189",
  "nomination_warm_1068": "4189",
  "nomination_warm_2714": "4188",
  "nomination_cool_1533": "4189",
  "nomination_warm_0575": "4188",
  "nomination_cool_0300": "4188",
  "nomination_warm_0231": "4189",
  "nomination_mild_0069": "4189",
  "nomination_cold_1971": "4188",
  "nomination_mild_2766": "4189",
  "nomination_cool_1365": "4189",
  "nomination_cool_0398": "4188",
  "nomination_hot_1801": "4188",
  "nomination_warm_1762": "4188",
  "nomination_cold_2167": "4188",
  "nomination_hot_2328": "4189",
  "nomination_warm_1419": "4188",
  "nomination_warm_0073": "4189",
  "nomination_hot_2740": "4189",
  "nomination_cold_2471": "4189",
  "nomination_warm_1815": "4188",
  "nomination_warm_0632": "4188",
  "nomination_cold_0640": "4188",
  "nomination_cold_1697": "4188",
  "nomination_hot_0009": "4188",
  "nomination_cold_2067": "4188",
  "nomination_hot_0292": "4188",
  "nomination_hot_0499": "4188",
  "nomination_mild_2331": "4188",
  "nomination_warm_2307": "4188",
  "nomination_warm_0790": "4188",
  "nomination_cool_2054": "4189",
  "nomination_warm_1200": "4188",
  "nomination_mild_0954": "4188",
  "nomination_cold_0690": "4189",
  "nomination_cold_2678": "4188",
  "nomination_cool_1050": "4189",
  "nomination_mild_0205": "4188",
  "nomination_hot_1239": "4188",
  "nomination_hot_2608": "4188",
  "nomination_cool_1813": "4188",
  "nomination_cold_0602": "4188",
  "nomination_cool_2386": "4188",
  "nomination_warm_2159": "4189",
  "nomination_cold_1206": "4188",
  "nomination_cool_0830": "4188",
  "nomination_cold_1525": "4188",
  "nomination_cool_0866": "4188",
  "nomination_cool_2737": "4188",
  "nomination_mild_1439": "4189",
  "nomination_cool_1739": "4188",
  "nomination_warm_2749": "4189",
  "nomination_cool_2298": "4188",
  "nomination_mild_1291": "4188",
  "nomination_cold_0426": "4188",
  "nomination_cold_0601": "4188",
  "nomination_cold_0200": "4188",
  "nomination_cool_1755": "4188",
  "nomination_cool_2203": "4188",
  "nomination_cold_2348": "4188",
  "nomination_warm_1107": "4188",
  "nomination_cool_2601": "4188",
  "nomination_mild_0868": "4188",
  "nomination_hot_0966": "4189",
  "nomination_warm_0531": "4188",
  "nomination_mild_2554": "4188",
  "nomination_warm_0051": "4189",
  "nomination_cool_0228": "4188",
  "nomination_warm_1943": "4188",
  "nomination_cool_1213": "4188",
  "nomination_cold_2001": "4188",
  "nomination_warm_1567": "4188",
  "nomination_mild_1319": "4188",
  "nomination_mild_2116": "4189",
  "nomination_cold_0301": "4188",
  "nomination_warm_2839": "4188",
  "nomination_cold_0528": "4188",
  "nomination_warm_0524": "4188",
  "nomination_mild_1680": "4188",
  "nomination_cool_0556": "4188",
  "nomination_mild_1614": "4188",
  "nomination_mild_2597": "4188",
  "nomination_warm_2694": "4188",
  "nomination_cool_2108": "4189",
  "nomination_warm_1254": "4188",
  "nomination_hot_0722": "4188",
  "nomination_mild_1449": "4188",
  "nomination_warm_0409": "4189",
  "nomination_warm_0081": "4189",
  "nomination_hot_1978": "4189",
  "nomination_warm_1701": "4188",
  "nomination_mild_1993": "4188",
  "nomination_mild_2172": "4188",
  "nomination_cool_2358": "4188",
  "nomination_warm_2229": "4188",
  "nomination_warm_1360": "4189",
  "nomination_warm_1740": "4189",
  "nomination_cold_0891": "4189",
  "nomination_cold_1471": "4188",
  "nomination_cool_0135": "4188",
  "nomination_cold_0653": "4188",
  "nomination_cold_2690": "4188",
  "nomination_mild_0289": "4188",
  "nomination_cool_0637": "4188",
  "nomination_warm_1370": "4189",
  "nomination_mild_1255": "4188",
  "nomination_hot_0989": "4189",
  "nomination_cold_1910": "4188",
  "nomination_cold_2505": "4188",
  "nomination_cold_2019": "4188",
  "nomination_mild_0884": "4188",
  "nomination_hot_2002": "4189",
  "nomination_cool_2716": "4188",
  "nomination_cold_0683": "4188",
  "nomination_mild_1796": "4188",
  "nomination_warm_2591": "4188",
  "nomination_mild_2039": "4188",
  "nomination_cold_0031": "4188",
  "nomination_hot_1659": "4189",
  "nomination_hot_0776": "4188",
  "nomination_cold_2403": "4188",
  "nomination_warm_2351": "4189",
  "nomination_cold_1113": "4188",
  "nomination_warm_1731": "4188",
  "nomination_cool_1981": "4188",
  "nomination_warm_2615": "4189",
  "nomination_mild_1143": "4188",
  "nomination_warm_2139": "4188",
  "nomination_hot_0385": "4189",
  "nomination_cool_0481": "4188",
  "nomination_hot_1798": "4189",
  "nomination_warm_0037": "4188",
  "nomination_cool_0901": "4188",
  "nomination_mild_1110": "4188",
  "nomination_hot_1744": "4188",
  "nomination_cold_1299": "4188",
  "nomination_cool_0928": "4188",
  "nomination_warm_2242": "4188",
  "nomination_mild_0183": "4188",
  "nomination_mild_2449": "4188",
  "nomination_warm_0592": "4188",
  "nomination_cool_1649": "4189",
  "nomination_hot_1161": "4188",
  "nomination_mild_2633": "4188",
  "nomination_mild_1882": "4188",
  "nomination_hot_1048": "4189",
  "nomination_hot_2293": "4188",
  "nomination_warm_0599": "4189",
  "nomination_cold_2598": "4188",
  "nomination_cool_0922": "4188",
  "nomination_mild_1350": "4188",
  "nomination_warm_0332": "4188",
  "nomination_cool_2035": "4188",
  "nomination_cool_1622": "4188",
  "nomination_hot_1661": "4189",
  "nomination_warm_2644": "4189",
  "nomination_mild_1990": "4188",
  "nomination_warm_0692": "4188",
  "nomination_warm_2452": "4188",
  "nomination_cold_1357": "4188",
  "nomination_hot_1809": "4189",
  "nomination_cold_1380": "4189",
  "nomination_hot_1783": "4188",
  "nomination_cool_0359": "4188",
  "nomination_cold_0883": "4188",
  "nomination_cold_1445": "4188",
  "nomination_cool_2028": "4188",
  "nomination_warm_0384": "4189",
  "nomination_mild_0564": "4188",
  "nomination_hot_2506": "4189",
  "nomination_warm_2496": "4188",
  "nomination_hot_0287": "4189",
  "nomination_cool_2223": "4189",
  "nomination_cool_2094": "4189",
  "nomination_cool_1678": "4189",
  "nomination_hot_2647": "4188",
  "nomination_warm_0508": "4188",
  "nomination_mild_1039": "4189",
  "nomination_warm_1359": "4188",
  "nomination_warm_1819": "4188",
  "nomination_cold_0249": "4188",
  "nomination_warm_0333": "4189",
  "nomination_mild_2610": "4188",
  "nomination_mild_1748": "4188",
  "nomination_warm_0778": "4188",
  "nomination_cold_2822": "4188",
  "nomination_cool_0794": "4188",
  "nomination_warm_2260": "4189",
  "nomination_hot_2075": "4189",
  "nomination_cool_2446": "4188",
  "nomination_warm_1873": "4189",
  "nomination_cold_2457": "4188",
  "nomination_mild_1998": "4188",
  "nomination_mild_1903": "4188",
  "nomination_cold_2282": "4188",
  "nomination_mild_1494": "4188",
  "nomination_cold_2699": "4188",
  "nomination_warm_2711": "4189",
  "nomination_cold_0555": "4188",
  "nomination_cold_0952": "4188",
  "nomination_mild_1806": "4188",
  "nomination_cool_2382": "4188",
  "nomination_cool_1006": "4188",
  "nomination_warm_1244": "4189",
  "nomination_mild_0724": "4188",
  "nomination_warm_2572": "4189",
  "nomination_cold_1082": "4188",
  "nomination_warm_2010": "4189",
  "nomination_cold_1232": "4188",
  "nomination_cold_1679": "4188",
  "nomination_warm_1171": "4188",
  "nomination_mild_0547": "4188",
  "nomination_cold_0834": "4188",
  "nomination_warm_1937": "4188",
  "nomination_cool_0162": "4188",
  "nomination_cold_0975": "4188",
  "nomination_warm_1385": "4189",
  "nomination_cold_0839": "4188",
  "nomination_warm_1727": "4188",
  "nomination_warm_0113": "4188",
  "nomination_cold_0101": "4188",
  "nomination_cool_2364": "4188",
  "nomination_hot_0379": "4188",
  "nomination_cold_0295": "4188",
  "nomination_cool_2038": "4188",
  "nomination_warm_1012": "4189",
  "nomination_warm_0534": "4189",
  "nomination_cool_2777": "4188",
  "nomination_cool_1473": "4188",
  "nomination_hot_0330": "4188",
  "nomination_cool_1121": "4188",
  "nomination_cold_0873": "4188",
  "nomination_warm_0568": "4188",
  "nomination_cool_0932": "4189",
  "nomination_warm_1408": "4189",
  "nomination_hot_1940": "4189",
  "nomination_warm_0086": "4188",
  "nomination_cool_2809": "4188",
  "nomination_cold_0678": "4188",
  "nomination_warm_2770": "4188",
  "nomination_cool_0098": "4188",
  "nomination_cool_1551": "4188",
  "nomination_warm_1877": "4189",
  "nomination_cool_0152": "4188",
  "nomination_warm_0155": "4189",
  "nomination_cool_0728": "4188",
  "nomination_warm_2709": "4189",
  "nomination_mild_0059": "4189",
  "nomination_warm_1078": "4189",
  "nomination_cold_1349": "4188",
  "nomination_cold_1632": "4188",
  "nomination_cool_0908": "4188",
  "nomination_cold_1726": "4188",
  "nomination_warm_2784": "4189",
  "nomination_cold_0453": "4188",
  "nomination_cool_1075": "4189",
  "nomination_mild_1224": "4189",
  "nomination_cool_2513": "4188",
  "nomination_cold_0126": "4188",
  "nomination_mild_2320": "4188",
  "nomination_mild_2739": "4188",
  "nomination_cool_1265": "4188",
  "nomination_cold_1049": "4188",
  "nomination_hot_1141": "4189",
  "nomination_cool_2501": "4188",
  "nomination_cold_2541": "4188",
  "nomination_cool_1570": "4188",
  "nomination_hot_0764": "4188",
  "nomination_warm_1757": "4188",
  "nomination_warm_1975": "4189",
  "nomination_hot_0002": "4188",
  "nomination_cool_0876": "4189",
  "nomination_cool_0735": "4188",
  "nomination_cold_2281": "4188",
  "nomination_warm_2437": "4188",
  "nomination_warm_0032": "4188",
  "nomination_warm_1922": "4188",
  "nomination_cool_0636": "4188",
  "nomination_warm_2277": "4188",
  "nomination_hot_2786": "4189",
  "nomination_cool_2641": "4188",
  "nomination_cold_0793": "4188",
  "nomination_hot_1013": "4189",
  "nomination_hot_0093": "4189",
  "nomination_cold_1251": "4188",
  "nomination_mild_1278": "4188",
  "nomination_cold_2092": "4189",
  "nomination_hot_0225": "4189",
  "nomination_hot_2593": "4188",
  "nomination_warm_0465": "4189",
  "nomination_warm_2168": "4188",
  "nomination_cool_0112": "4188",
  "nomination_hot_1273": "4188",
  "nomination_hot_0754": "4189",
  "nomination_warm_2713": "4189",
  "nomination_mild_2657": "4189",
  "nomination_cold_0171": "4188",
  "nomination_mild_2113": "4188",
  "nomination_cool_1752": "4188",
  "nomination_hot_0058": "4189",
  "nomination_cold_2534": "4188",
  "nomination_warm_1253": "4188",
  "nomination_cool_0565": "4188",
  "nomination_cold_2559": "4188",
  "nomination_cool_2392": "4188",
  "nomination_warm_2796": "4188",
  "nomination_cool_2244": "4189",
  "nomination_cool_2494": "4188",
  "nomination_cool_0406": "4188",
  "nomination_hot_0018": "4189",
  "nomination_cold_2808": "4188",
  "nomination_cold_2265": "4188",
  "nomination_cold_2336": "4188",
  "nomination_warm_2441": "4188",
  "nomination_mild_1277": "4189",
  "nomination_mild_1711": "4189",
  "nomination_hot_0434": "4189",
  "nomination_hot_0137": "4188",
  "nomination_warm_1132": "4188",
  "nomination_warm_0251": "4188",
  "nomination_hot_1097": "4188",
  "nomination_mild_2649": "4188",
  "nomination_hot_0142": "4189",
  "nomination_warm_1493": "4188",
  "nomination_warm_0282": "4188",
  "nomination_cool_1070": "4188",
  "nomination_hot_2448": "4189",
  "nomination_warm_0806": "4188",
  "nomination_cool_1427": "4188",
  "nomination_cool_1238": "4188",
  "nomination_cold_0459": "4189",
  "nomination_cold_0017": "4188",
  "nomination_warm_0327": "4188",
  "nomination_cold_2801": "4188",
  "nomination_cold_2043": "4188",
  "nomination_warm_0127": "4189",
  "nomination_cold_0352": "4188",
  "nomination_mild_1588": "4188",
  "nomination_warm_0577": "4188",
  "nomination_mild_1173": "4189",
  "nomination_cool_0948": "4189",
  "nomination_cool_1704": "4188",
  "nomination_cool_1879": "4188",
  "nomination_cool_2052": "4188",
  "nomination_cold_2450": "4188",
  "nomination_mild_0727": "4188",
  "nomination_hot_2511": "4188",
  "nomination_warm_0015": "4189",
  "nomination_warm_0679": "4189",
  "nomination_warm_0986": "4188",
  "nomination_hot_2221": "4188",
  "nomination_warm_1767": "4188",
  "nomination_warm_2150": "4189",
  "nomination_warm_2577": "4189",
  "nomination_cool_2656": "4188",
  "nomination_hot_0255": "3393",
  "nomination_cold_1967": "4188",
  "nomination_cool_0609": "4188",
  "nomination_hot_1708": "4189",
  "nomination_mild_0912": "4188",
  "nomination_cold_2376": "4188",
  "nomination_cool_0596": "4188",
  "nomination_cold_1686": "4188",
  "nomination_mild_0197": "4188",
  "nomination_cold_0559": "4188",
  "nomination_cool_2100": "4188",
  "nomination_cold_2733": "4188",
  "nomination_cold_1887": "4188",
  "nomination_warm_2851": "4188",
  "nomination_cold_2672": "4188",
  "nomination_mild_0695": "4188",
  "nomination_hot_2389": "4188",
  "nomination_cold_0527": "4188",
  "nomination_cool_2629": "4188",
  "nomination_warm_0418": "4188",
  "nomination_mild_2594": "4189",
  "nomination_warm_1486": "4189",
  "nomination_hot_1019": "4189",
  "nomination_cool_0511": "4188",
  "nomination_warm_0978": "4188",
  "nomination_cold_0334": "4188",
  "nomination_hot_2025": "4188",
  "nomination_hot_0962": "4188",
  "nomination_cold_0872": "4188",
  "nomination_cool_1546": "4188",
  "nomination_cold_0819": "4188",
  "nomination_cold_2303": "4188",
  "nomination_cool_0477": "4188",
  "nomination_hot_1620": "4188",
  "nomination_hot_0164": "4188",
  "nomination_cool_0038": "4188",
  "nomination_hot_0381": "4188",
  "nomination_warm_1145": "4189",
  "nomination_cool_1241": "4188",
  "nomination_cool_1968": "4189",
  "nomination_warm_0410": "4188",
  "nomination_cool_2445": "4188",
  "nomination_cool_1518": "4188",
  "nomination_cold_2765": "4189",
  "nomination_warm_2781": "4188",
  "nomination_mild_1838": "4189",
  "nomination_cool_2625": "4189",
  "nomination_cold_2049": "4188",
  "nomination_warm_0676": "4188",
  "nomination_cold_1482": "4188",
  "nomination_cool_2220": "4188",
  "nomination_warm_1367": "4189",
  "nomination_cold_2538": "4188",
  "nomination_mild_0578": "4189",
  "nomination_hot_2154": "4188",
  "nomination_cold_0364": "4188",
  "nomination_mild_0456": "4189",
  "nomination_mild_2121": "4188",
  "nomination_hot_0445": "4189",
  "nomination_cold_0848": "4188",
  "nomination_hot_2723": "4188",
  "nomination_cool_1331": "4188",
  "nomination_mild_0588": "4189",
  "nomination_warm_1966": "4189",
  "nomination_warm_1693": "4188",
  "nomination_warm_1011": "4188",
  "nomination_mild_1375": "4188",
  "nomination_cool_0619": "4188",
  "nomination_cold_1660": "4188",
  "nomination_hot_0696": "4189",
  "nomination_mild_2122": "4189",
  "nomination_cold_2582": "4188",
  "nomination_cold_1080": "4189",
  "nomination_warm_2564": "4188",
  "nomination_cold_1468": "4188",
  "nomination_warm_2682": "4188",
  "nomination_cold_0510": "4188",
  "nomination_cold_0348": "4188",
  "nomination_cold_1941": "4188",
  "nomination_cool_2090": "4188",
  "nomination_cold_2834": "4189",
  "nomination_cold_0338": "4188",
  "nomination_mild_1625": "4189",
  "nomination_mild_2079": "4188",
  "nomination_cool_0148": "4188",
  "nomination_cold_2146": "4188",
  "nomination_hot_0610": "4189",
  "nomination_cold_2819": "4188",
  "nomination_cold_0907": "4188",
  "nomination_warm_0526": "4189",
  "nomination_cold_2748": "4188",
  "nomination_warm_0096": "4189",
  "nomination_warm_0726": "4188",
  "nomination_cold_2795": "4188",
  "nomination_cool_1925": "4188",
  "nomination_cool_1557": "4188",
  "nomination_cold_1687": "4188",
  "nomination_cool_1501": "4188",
  "nomination_hot_1777": "4189",
  "nomination_warm_2267": "4188",
  "nomination_mild_1023": "4188",
  "nomination_mild_2214": "4189",
  "nomination_mild_0600": "4188",
  "nomination_warm_0995": "4188",
  "nomination_cool_0315": "4188",
  "nomination_warm_1596": "4189",
  "nomination_cool_0083": "4188",
  "nomination_mild_2696": "4189",
  "nomination_cool_0367": "4189",
  "nomination_warm_1181": "4188",
  "nomination_cold_1071": "4188",
  "nomination_cold_2129": "4188",
  "nomination_hot_0203": "4189",
  "nomination_warm_0691": "4188",
  "nomination_warm_2180": "4189",
  "nomination_cool_2414": "4189",
  "nomination_cool_0150": "4188",
  "nomination_warm_0170": "4189",
  "nomination_cold_0963": "4188",
  "nomination_cool_2731": "4188",
  "nomination_mild_0424": "4188",
  "nomination_cold_1524": "4188",
  "nomination_mild_0272": "4188",
  "nomination_warm_0905": "4189",
  "nomination_cold_0448": "4189",
  "nomination_hot_2388": "4188",
  "nomination_mild_0882": "4189",
  "nomination_mild_1361": "4188",
  "nomination_warm_0189": "4188",
  "nomination_warm_0082": "4189",
  "nomination_cold_2691": "4189",
  "nomination_warm_1859": "4189",
  "nomination_cold_0044": "4188",
  "nomination_cold_0013": "4188",
  "nomination_hot_1514": "4188",
  "nomination_cold_2070": "4189",
  "nomination_warm_0358": "4188",
  "nomination_mild_0460": "4188",
  "nomination_cool_0269": "4189",
  "nomination_cold_1312": "4188",
  "nomination_cool_2184": "4188",
  "nomination_hot_1635": "4189",
  "nomination_cold_2387": "4188",
  "nomination_cool_1830": "4189",
  "nomination_cold_1400": "4188",
  "nomination_warm_2802": "4188",
  "nomination_cold_1923": "4188",
  "nomination_cold_1667": "4188",
  "nomination_mild_2333": "4188",
  "nomination_hot_0436": "4189",
  "nomination_mild_1258": "4188",
  "nomination_warm_1033": "4189",
  "nomination_warm_0212": "4188",
  "nomination_warm_1259": "4189",
  "nomination_warm_2155": "4188",
  "nomination_cold_1022": "4188",
  "nomination_cold_1295": "4188",
  "nomination_mild_2722": "4189",
  "nomination_cold_1283": "4188",
  "nomination_mild_1274": "4188",
  "nomination_cold_0550": "4188",
  "nomination_cool_0585": "4188",
  "nomination_hot_0500": "4189",
  "nomination_cold_0068": "4188",
  "nomination_warm_1456": "4188",
  "nomination_warm_1162": "4188",
  "nomination_warm_0624": "4188",
  "nomination_hot_1203": "4188",
  "nomination_cool_2384": "4189",
  "nomination_hot_2083": "4188",
  "nomination_hot_0584": "4189",
  "nomination_cold_1284": "4188",
  "nomination_warm_0116": "4189",
  "nomination_warm_0654": "4188",
  "nomination_cool_1065": "4188",
  "nomination_hot_2539": "4189",
  "nomination_cool_2250": "4188",
  "nomination_hot_0943": "4188",
  "nomination_mild_1742": "4188",
  "nomination_warm_0216": "4188",
  "nomination_cool_1865": "4188",
  "nomination_hot_2383": "4188",
  "nomination_cold_0064": "4188",
  "nomination_cold_0382": "4188",
  "nomination_cool_1015": "4188",
  "nomination_warm_1170": "4188",
  "nomination_mild_0412": "4189",
  "nomination_hot_1476": "4189",
  "nomination_mild_1077": "4189",
  "nomination_hot_1086": "4188",
  "nomination_cold_2338": "4188",
  "nomination_cold_1982": "4188",
  "nomination_hot_2413": "4188",
  "nomination_warm_0698": "4189",
  "nomination_hot_0813": "4188",
  "nomination_hot_0574": "4188",
  "nomination_cold_1038": "4188",
  "nomination_cold_1462": "4188",
  "nomination_mild_0213": "4189",
  "nomination_hot_0288": "4189",
  "nomination_hot_0660": "4189",
  "nomination_mild_2051": "4188",
  "nomination_warm_1477": "4188",
  "nomination_warm_2654": "4188",
  "nomination_cold_0366": "4188",
  "nomination_cold_1991": "4188",
  "nomination_mild_0279": "4188",
  "nomination_cool_0718": "4188",
  "nomination_warm_2689": "4189",
  "nomination_cold_0048": "4188",
  "nomination_mild_2679": "4188",
  "nomination_cool_0846": "4189",
  "nomination_cold_1177": "4188",
  "nomination_cold_2087": "4189",
  "nomination_warm_0432": "4188",
  "nomination_cool_2169": "4188",
  "nomination_cold_1500": "4188",
  "nomination_warm_2744": "4188",
  "nomination_cool_1503": "4188",
  "nomination_cold_1689": "4188",
  "nomination_cool_0994": "4188",
  "nomination_warm_0752": "4188",
  "nomination_cold_0557": "4188",
  "nomination_mild_1548": "4189",
  "nomination_hot_1732": "4188",
  "nomination_warm_2440": "4188",
  "nomination_mild_1560": "4188",
  "nomination_mild_0828": "4188",
  "nomination_hot_1416": "4188",
  "nomination_cold_1986": "4188",
  "nomination_cold_1237": "4188",
  "nomination_hot_2483": "4189",
  "nomination_warm_2517": "4188",
  "nomination_warm_1510": "4188",
  "nomination_cool_2653": "4188",
  "nomination_cold_1317": "4188",
  "nomination_cool_2661": "4188",
  "nomination_hot_0185": "4188",
  "nomination_mild_0958": "4188",
  "nomination_hot_1426": "4189",
  "nomination_cold_0386": "4189",
  "nomination_cold_0484": "4188",
  "nomination_cold_0267": "4188",
  "nomination_cool_2812": "4188",
  "nomination_warm_2790": "4188",
  "nomination_cool_0892": "4189",
  "nomination_warm_0571": "4188",
  "nomination_warm_1505": "4188",
  "nomination_warm_1134": "4188",
  "nomination_cool_2088": "4189",
  "nomination_cold_2455": "4188",
  "nomination_mild_1736": "4188",
  "nomination_warm_0079": "4188",
  "nomination_cold_2726": "4188",
  "nomination_cold_1578": "4188",
  "nomination_cool_2077": "4189",
  "nomination_cool_2407": "4188",
  "nomination_hot_2300": "4188",
  "nomination_hot_2062": "4189",
  "nomination_warm_2821": "4189",
  "nomination_warm_2681": "4189",
  "nomination_warm_2512": "4189",
  "nomination_cold_2548": "4188",
  "nomination_warm_2845": "4189",
  "nomination_cool_1290": "4188",
  "nomination_cold_0583": "4188",
  "nomination_hot_0145": "4189",
  "nomination_cold_0234": "4188",
  "nomination_mild_1395": "4188",
  "nomination_cool_0156": "4189",
  "nomination_cool_1390": "4188",
  "nomination_hot_0651": "4189",
  "nomination_mild_1495": "4188",
  "nomination_cold_1522": "4188",
  "nomination_mild_2238": "4188",
  "nomination_warm_0144": "4189",
  "nomination_cool_2719": "4188",
  "nomination_warm_0817": "4189",
  "nomination_cool_1387": "4188",
  "nomination_hot_2631": "4188",
  "nomination_cold_2187": "4188",
  "nomination_cold_1120": "4188",
  "nomination_cool_0738": "4188",
  "nomination_cold_2133": "4189",
  "nomination_hot_0723": "4189",
  "nomination_warm_0941": "4188",
  "nomination_warm_1792": "4188",
  "nomination_cold_2416": "4189",
  "nomination_mild_2367": "4188",
  "nomination_cold_1949": "4188",
  "nomination_mild_1398": "4188",
  "nomination_hot_2339": "4188",
  "nomination_cool_0668": "4189",
  "nomination_warm_1579": "4189",
  "nomination_mild_2588": "4188",
  "nomination_cool_2289": "4189",
  "nomination_warm_0283": "4189",
  "nomination_hot_0211": "4188",
  "nomination_mild_2811": "4188",
  "nomination_warm_1450": "4188",
  "nomination_cold_1202": "4188",
  "nomination_cold_1215": "4188",
  "nomination_cold_1484": "4189",
  "nomination_cool_1183": "4188",
  "nomination_hot_1853": "4189",
  "nomination_cold_1276": "4188",
  "nomination_hot_0153": "4188",
  "nomination_mild_2353": "4189",
  "nomination_cool_0227": "4188",
  "nomination_cold_1669": "4188",
  "nomination_cool_2708": "4188",
  "nomination_cool_2099": "4188",
  "nomination_cold_2208": "4188",
  "nomination_mild_2671": "4188",
  "nomination_hot_1540": "4188",
  "nomination_warm_0538": "4189",
  "nomination_mild_1287": "4188",
  "nomination_warm_1980": "4189",
  "nomination_warm_1199": "4188",
  "nomination_hot_2321": "4188",
  "nomination_cold_1401": "4188",
  "nomination_cool_1690": "4188",
  "nomination_cold_0979": "4188",
  "nomination_mild_1576": "4188",
  "nomination_warm_1965": "4189",
  "nomination_warm_0054": "4188",
  "nomination_cold_0076": "4188",
  "nomination_warm_0886": "4189",
  "nomination_cold_1656": "4188",
  "nomination_cold_1377": "4189",
  "nomination_cold_2211": "4188",
  "nomination_cold_0582": "4188",
  "nomination_warm_0198": "4189",
  "nomination_warm_1554": "4188",
  "nomination_warm_0869": "4188",
  "nomination_hot_1341": "4189",
  "nomination_warm_2071": "4189",
  "nomination_warm_1623": "4189",
  "nomination_hot_1989": "4188",
  "nomination_warm_0393": "4188",
  "nomination_warm_0298": "4189",
  "nomination_mild_2815": "4188",
  "nomination_mild_2212": "4189",
  "nomination_warm_2401": "4189",
  "nomination_warm_0710": "4188",
  "nomination_cold_0397": "4188",
  "nomination_hot_0740": "4188",
  "nomination_warm_0532": "4188",
  "nomination_warm_2156": "4188",
  "nomination_cool_2486": "4189",
  "nomination_hot_0247": "4189",
  "nomination_hot_1178": "4188",
  "nomination_mild_1766": "4188",
  "nomination_cold_0705": "4188",
  "nomination_hot_1480": "3393",
  "nomination_cool_0066": "4188",
  "nomination_hot_2222": "4188",
  "nomination_cool_0505": "4188",
  "nomination_cool_0951": "4188",
  "nomination_hot_2143": "4189",
  "nomination_cold_1435": "4188",
  "nomination_cool_2047": "4188",
  "nomination_hot_0374": "4189",
  "nomination_mild_2420": "4188",
  "nomination_hot_1036": "4188",
  "nomination_cool_0323": "4188",
  "nomination_hot_1210": "4189",
  "nomination_mild_1150": "4188",
  "nomination_cold_0435": "4188",
  "nomination_cold_1088": "4188",
  "nomination_warm_1131": "4189",
  "nomination_mild_0808": "4189",
  "nomination_cold_0487": "4188",
  "nomination_mild_1942": "4188",
  "nomination_hot_2160": "4189",
  "nomination_hot_1728": "4188",
  "nomination_cool_1182": "4188",
  "nomination_cold_1406": "4188",
  "nomination_cold_1896": "4188",
  "nomination_warm_1881": "4188",
  "nomination_hot_1355": "4188",
  "nomination_hot_0643": "4188",
  "nomination_cold_0786": "4188",
  "nomination_mild_1092": "4189",
  "nomination_warm_2673": "4188",
  "nomination_hot_2600": "4189",
  "nomination_mild_2064": "4189",
  "nomination_cold_2016": "4188",
  "nomination_warm_1320": "4188",
  "nomination_mild_1124": "4188",
  "nomination_mild_0425": "4188",
  "nomination_cold_1061": "4188",
  "nomination_warm_0855": "4189",
  "nomination_warm_2271": "4188",
  "nomination_mild_0111": "4189",
  "nomination_warm_2110": "4189",
  "nomination_warm_0746": "4189",
  "nomination_cool_0124": "4188",
  "nomination_cool_2832": "4189",
  "nomination_mild_2451": "4188",
  "nomination_warm_0012": "4188",
  "nomination_cool_0075": "4188",
  "nomination_cool_2853": "4188",
  "nomination_warm_1096": "4188",
  "nomination_warm_0195": "4189",
  "nomination_hot_0835": "4188",
  "nomination_warm_2636": "4189",
  "nomination_cool_1719": "4188",
  "nomination_cool_2396": "4188",
  "nomination_cool_2755": "4189",
  "nomination_mild_2580": "4189",
  "nomination_cool_2547": "4188",
  "nomination_warm_1470": "4188",
  "nomination_cool_1444": "4189",
  "nomination_warm_2036": "4189",
  "nomination_warm_2042": "4189",
  "nomination_cold_1007": "4188",
  "nomination_cold_0050": "4188",
  "nomination_cool_0800": "4188",
  "nomination_warm_2532": "4188",
  "nomination_cold_2045": "4188",
  "nomination_hot_2225": "4189",
  "nomination_cold_1791": "4188",
  "nomination_cool_2509": "4188",
  "nomination_cool_2508": "4189",
  "nomination_warm_1920": "4189",
  "nomination_cold_2632": "4188",
  "nomination_cool_1527": "4188",
  "nomination_mild_0242": "4188",
  "nomination_warm_1591": "4188",
  "nomination_mild_0022": "4188",
  "nomination_warm_0139": "4188",
  "nomination_warm_0656": "4189",
  "nomination_mild_1481": "4189",
  "nomination_warm_1812": "4188",
  "nomination_cold_0530": "4188",
  "nomination_mild_1234": "4188",
  "nomination_cold_1526": "4188",
  "nomination_mild_0071": "4188",
  "nomination_cold_0977": "4188",
  "nomination_cool_0485": "4188",
  "nomination_cool_2774": "4189",
  "nomination_cold_0964": "4188",
  "nomination_mild_1513": "4188",
  "nomination_cool_2205": "4189",
  "nomination_cold_1808": "4189",
  "nomination_hot_2366": "4189",
  "nomination_cool_1655": "4188",
  "nomination_hot_1442": "4189",
  "nomination_cool_0177": "4188",
  "nomination_hot_0238": "4188",
  "nomination_hot_0552": "4188",
  "nomination_mild_2127": "4189",
  "nomination_cold_0304": "4188",
  "nomination_hot_0215": "4188",
  "nomination_hot_0885": "4188",
  "nomination_warm_1575": "4188",
  "nomination_cold_1900": "4188",
  "nomination_warm_1467": "4188",
  "nomination_mild_0479": "4189",
  "nomination_warm_2084": "4188",
  "nomination_mild_2724": "4188",
  "nomination_cold_2302": "4188",
  "nomination_hot_0729": "4188",
  "nomination_cold_1918": "4188",
  "nomination_mild_2461": "4189",
  "nomination_warm_1784": "4189",
  "nomination_mild_1269": "4188",
  "nomination_cold_2406": "4188",
  "nomination_hot_1720": "4188",
  "nomination_cool_2151": "4188",
  "nomination_hot_0042": "4188",
  "nomination_cold_0451": "4188",
  "nomination_mild_2858": "4189",
  "nomination_cool_2504": "4188",
  "nomination_cold_2394": "4188",
  "nomination_warm_2525": "4188",
  "nomination_warm_0933": "4189",
  "nomination_warm_2665": "4189",
  "nomination_mild_0067": "4189",
  "nomination_cold_2196": "4188",
  "nomination_hot_1793": "4189",
  "nomination_warm_1325": "4189",
  "nomination_cool_2444": "4189",
  "nomination_hot_0306": "4189",
  "nomination_cool_2163": "4189",
  "nomination_cool_2769": "4188",
  "nomination_mild_0342": "4188",
  "nomination_hot_1587": "4189",
  "nomination_warm_0739": "4189",
  "nomination_warm_0604": "4188",
  "nomination_hot_2728": "4188",
  "nomination_cool_1867": "4188",
  "nomination_warm_1030": "4188",
  "nomination_warm_2662": "4189",
  "nomination_warm_1856": "4189",
  "nomination_cool_2264": "4189",
  "nomination_warm_2280": "4188",
  "nomination_hot_1158": "4189",
  "nomination_hot_1166": "4189",
  "nomination_hot_0201": "4189",
  "nomination_cool_1106": "4189",
  "nomination_hot_0303": "4189",
  "nomination_cold_2027": "4193",
  "nomination_cool_2820": "4188",
  "nomination_cold_0878": "4188",
  "nomination_cool_0896": "4189",
  "nomination_cold_0919": "4188",
  "nomination_cold_0296": "4188",
  "nomination_hot_0611": "4188",
  "nomination_mild_0440": "4188",
  "nomination_cool_1532": "4188",
  "nomination_warm_1207": "4188",
  "nomination_mild_0299": "4188",
  "nomination_mild_1721": "4188",
  "nomination_mild_2202": "4188",
  "nomination_cool_0980": "4188",
  "nomination_cool_1833": "4188",
  "nomination_cold_1117": "4189",
  "nomination_warm_1174": "4188",
  "nomination_cool_0070": "4188",
  "nomination_cold_1169": "4188",
  "nomination_mild_2272": "4189",
  "nomination_hot_0277": "4188",
  "nomination_cold_1780": "4188",
  "nomination_cool_1005": "4188",
  "nomination_cold_1847": "4188",
  "nomination_hot_0965": "4188",
  "nomination_hot_1184": "4189",
  "nomination_mild_1638": "4188",
  "nomination_cool_1506": "4189",
  "nomination_warm_2700": "4189",
  "nomination_hot_0040": "4188",
  "nomination_warm_0003": "4188",
  "nomination_cold_2519": "4188",
  "nomination_mild_2734": "4188",
  "nomination_cool_2119": "4188",
  "nomination_warm_2374": "4189",
  "nomination_cool_1845": "4189",
  "nomination_cold_1645": "4189",
  "nomination_warm_2603": "4188",
  "nomination_warm_1803": "4189",
  "nomination_cold_2573": "4188",
  "nomination_warm_2721": "4189",
  "nomination_warm_2776": "4189",
  "nomination_hot_2398": "4188",
  "nomination_cold_0937": "4188",
  "nomination_cold_1892": "4188",
  "nomination_hot_1666": "4189",
  "nomination_hot_2701": "4188",
  "nomination_cold_0207": "4188",
  "nomination_cool_2356": "4188",
  "nomination_hot_1243": "4189",
  "nomination_warm_1187": "4189",
  "nomination_cold_1629": "4188",
  "nomination_cold_1852": "4188",
  "nomination_hot_0838": "4189",
  "nomination_mild_1917": "4189",
  "nomination_cold_2789": "4189",
  "nomination_warm_1778": "4188",
  "nomination_hot_2751": "4188",
  "nomination_mild_1542": "4189",
  "nomination_mild_0725": "4189",
  "nomination_hot_2634": "4189",
  "nomination_mild_1781": "4188",
  "nomination_warm_1087": "4188",
  "nomination_cold_1616": "4188",
  "nomination_cool_1934": "4189",
  "nomination_mild_0140": "4189",
  "nomination_mild_1958": "4189",
  "nomination_cold_1240": "4188",
  "nomination_cold_2857": "4188",
  "nomination_cold_0844": "4188",
  "nomination_hot_1326": "4189",
  "nomination_hot_2251": "4188",
  "nomination_cold_1063": "4188",
  "nomination_cool_1972": "4188",
  "nomination_cool_1817": "4189",
  "nomination_mild_1960": "4188",
  "nomination_cold_0475": "4188",
  "nomination_hot_0239": "4188",
  "nomination_cold_0742": "4188",
  "nomination_cool_2140": "4189",
  "nomination_hot_0623": "4189",
  "nomination_mild_2210": "4189",
  "nomination_cold_0572": "4188",
  "nomination_warm_1874": "4188",
  "nomination_mild_1228": "4188",
  "nomination_warm_2841": "4188",
  "nomination_warm_2830": "4188",
  "nomination_mild_2677": "4188",
  "nomination_warm_0783": "4189",
  "nomination_cold_1418": "4188",
  "nomination_cool_0548": "4188",
  "nomination_warm_1222": "4188",
  "nomination_cold_0518": "4188",
  "nomination_mild_2595": "4188",
  "nomination_cool_0174": "4188",
  "nomination_warm_0371": "4189",
  "nomination_cold_0378": "4188",
  "nomination_hot_0719": "4188",
  "nomination_warm_0931": "4189",
  "nomination_cold_1288": "4188",
  "nomination_cold_0349": "4189",
  "nomination_cool_0233": "4188",
  "nomination_cold_0278": "4188",
  "nomination_cold_0586": "4188",
  "nomination_mild_1876": "4188",
  "nomination_cold_0285": "4188",
  "nomination_cool_1335": "4189",
  "nomination_cold_0094": "4188",
  "nomination_cold_2053": "4188",
  "nomination_mild_2612": "4188",
  "nomination_cold_0779": "4188",
  "nomination_cold_0930": "4188",
  "nomination_mild_2715": "4188",
  "nomination_warm_0925": "4189",
  "nomination_cool_1249": "4188",
  "nomination_hot_2571": "3393",
  "nomination_mild_1761": "4188",
  "nomination_cold_0822": "4188",
  "nomination_cold_0645": "4188",
  "nomination_cold_0805": "4188",
  "nomination_mild_0502": "4189",
  "nomination_cold_2381": "4188",
  "nomination_mild_0337": "4188",
  "nomination_mild_2327": "4189",
  "nomination_mild_1216": "4189",
  "nomination_cool_2585": "4188",
  "nomination_warm_0128": "4189",
  "nomination_warm_1085": "4188",
  "nomination_warm_0587": "4189",
  "nomination_warm_0049": "4189",
  "nomination_warm_0824": "4189",
  "nomination_mild_2031": "4188",
  "nomination_cold_2074": "4188",
  "nomination_cool_0241": "4188",
  "nomination_warm_0428": "4188",
  "nomination_cold_0173": "4188",
  "nomination_cold_2570": "4188",
  "nomination_cold_0370": "4188",
  "nomination_cold_0772": "4188",
  "nomination_warm_0492": "4189",
  "nomination_cool_0163": "4188",
  "nomination_hot_2236": "4188",
  "nomination_cold_1003": "4188",
  "nomination_warm_2263": "4188",
  "nomination_mild_0613": "4188",
  "nomination_cold_0944": "4188",
  "nomination_cold_0618": "4188",
  "nomination_cool_2130": "4188",
  "nomination_cool_2813": "4189",
  "nomination_cold_2847": "4188",
  "nomination_cold_1549": "4188",
  "nomination_mild_2422": "4188",
  "nomination_cool_0336": "4188",
  "nomination_warm_0495": "4188",
  "nomination_hot_2574": "4188",
  "nomination_cool_0983": "4188",
  "nomination_cool_2642": "4189",
  "nomination_warm_1836": "4189",
  "nomination_cool_1569": "4188",
  "nomination_cold_2412": "4188",
  "nomination_cold_0501": "4188",
  "nomination_mild_2692": "4189",
  "nomination_hot_2165": "4189",
  "nomination_hot_0709": "4188",
  "nomination_cold_1313": "4188",
  "nomination_cool_1528": "4188",
  "nomination_warm_2482": "4189",
  "nomination_warm_2604": "4189",
  "nomination_cool_2499": "4188",
  "nomination_warm_1270": "4189",
  "nomination_hot_1153": "4189",
  "nomination_warm_1921": "4188",
  "nomination_cool_2552": "4189",
  "nomination_cool_0594": "4188",
  "nomination_warm_0350": "4188",
  "nomination_hot_2686": "4188",
  "nomination_cold_2753": "4188",
  "nomination_warm_0090": "4189",
  "nomination_mild_0176": "4189",
  "nomination_mild_1424": "4188",
  "nomination_mild_1502": "4188",
  "nomination_cool_2433": "4188",
  "nomination_mild_1318": "4189",
  "nomination_mild_0818": "4188",
  "nomination_cool_2080": "4188",
  "nomination_warm_0597": "4188",
  "nomination_cool_1866": "4188",
  "nomination_cool_0411": "4188",
  "nomination_cold_1519": "4188",
  "nomination_cool_1553": "4189",
  "nomination_hot_0561": "4189",
  "nomination_warm_1029": "4188",
  "nomination_warm_0401": "4188",
  "nomination_mild_0187": "4188",
  "nomination_cold_1559": "4188",
  "nomination_cool_0887": "4189",
  "nomination_cold_1753": "4188",
  "nomination_cold_2521": "4189",
  "nomination_cool_0521": "4188",
  "nomination_mild_2836": "4189",
  "nomination_hot_0985": "4188",
  "nomination_hot_2611": "4188",
  "nomination_hot_0310": "4189",
  "nomination_hot_0240": "4188",
  "nomination_cool_0121": "4188",
  "nomination_cool_1205": "4188",
  "nomination_warm_0542": "4188",
  "nomination_mild_2106": "4188",
  "nomination_warm_2624": "4189",
  "nomination_cool_0970": "4189",
  "nomination_hot_1864": "4189",
  "nomination_warm_1707": "4189",
  "nomination_cool_0699": "4188",
  "nomination_warm_2533": "4188",
  "nomination_cool_1292": "4188",
  "nomination_cold_2536": "4188",
  "nomination_cold_0923": "4188",
  "nomination_cold_2542": "4188",
  "nomination_warm_1928": "4189",
  "nomination_cold_1099": "4188",
  "nomination_cool_1854": "4189",
  "nomination_cold_2434": "4188",
  "nomination_hot_0061": "4188",
  "nomination_cool_0918": "4188",
  "nomination_hot_0562": "4188",
  "nomination_cold_1895": "4189",
  "nomination_warm_1631": "4189",
  "nomination_mild_1487": "4188",
  "nomination_warm_1979": "4189",
  "nomination_warm_1846": "4188",
  "nomination_warm_0630": "4188",
  "nomination_warm_0368": "4188",
  "nomination_cool_1221": "4189",
  "nomination_cool_0649": "4189",
  "nomination_mild_2438": "4189",
  "nomination_cool_2464": "4188",
  "nomination_cold_0836": "4188",
  "nomination_cool_2340": "4188",
  "nomination_hot_2206": "4189",
  "nomination_warm_0860": "4188",
  "nomination_hot_1339": "4189",
  "nomination_cold_2778": "4188",
  "nomination_mild_0766": "4188",
  "nomination_cool_0974": "4188",
  "nomination_cold_1443": "4188",
  "nomination_warm_0268": "4189",
  "nomination_cool_2344": "4188",
  "nomination_warm_2059": "4188",
  "nomination_mild_1911": "4189",
  "nomination_warm_2334": "4188",
  "nomination_hot_2219": "4189",
  "nomination_warm_2316": "4189",
  "nomination_cool_1849": "4189",
  "nomination_cold_2425": "4188",
  "nomination_cool_0771": "4188",
  "nomination_cold_1112": "4188",
  "nomination_hot_1983": "4189",
  "nomination_mild_0420": "4188",
  "nomination_mild_1074": "4188",
  "nomination_mild_1951": "4189",
  "nomination_mild_2262": "4189",
  "nomination_cold_0372": "4189",
  "nomination_cold_2561": "4188",
  "nomination_hot_0898": "4189",
  "nomination_cool_0029": "4188",
  "nomination_hot_2363": "4188",
  "nomination_cold_1562": "4188",
  "nomination_warm_0244": "4189",
  "nomination_cool_0114": "4189",
  "nomination_warm_0146": "4189",
  "nomination_hot_0792": "4189",
  "nomination_cold_2114": "4188",
  "nomination_warm_1042": "4188",
  "nomination_hot_0447": "4189",
  "nomination_warm_1168": "4188",
  "nomination_mild_1376": "4189",
  "nomination_cold_1674": "4188",
  "nomination_hot_0117": "4188",
  "nomination_mild_1944": "4189",
  "nomination_warm_1997": "4188",
  "nomination_cold_2013": "4188",
  "nomination_cold_1316": "4188",
  "nomination_cold_0120": "4188",
  "nomination_cool_2528": "4188",
  "nomination_warm_2164": "4189",
  "nomination_cool_2635": "4188",
  "nomination_mild_0119": "4188",
  "nomination_cold_1405": "4188",
  "nomination_warm_0493": "4189",
  "nomination_hot_2725": "4188",
  "nomination_warm_1235": "4188",
  "nomination_cool_2684": "4188",
  "nomination_warm_0629": "4188",
  "nomination_cool_2007": "4188",
  "nomination_cold_2048": "4188",
  "nomination_hot_2735": "4188",
  "nomination_cold_0383": "4188",
  "nomination_hot_1763": "4188",
  "nomination_warm_0761": "4189",
  "nomination_mild_0984": "4189",
  "nomination_cold_1428": "4188",
  "nomination_warm_1137": "4189",
  "nomination_warm_0731": "4189",
  "nomination_hot_1902": "4189",
  "nomination_cold_1261": "4188",
  "nomination_cool_1573": "4188",
  "nomination_warm_2409": "4188",
  "nomination_cool_0222": "4188",
  "nomination_mild_0347": "4188",
  "nomination_cold_2295": "4188",
  "nomination_cold_0917": "4188",
  "nomination_cool_0563": "4189",
  "nomination_cool_0263": "4188",
  "nomination_hot_1523": "4188",
  "nomination_cool_0291": "4188",
  "nomination_hot_1271": "4188",
  "nomination_cool_2142": "4188",
  "nomination_cool_2245": "4188",
  "nomination_warm_2430": "4188",
  "nomination_mild_1472": "4188",
  "nomination_warm_0865": "4188",
  "nomination_warm_1544": "4188",
  "nomination_cold_2385": "4188",
  "nomination_mild_1995": "4188",
  "nomination_warm_1571": "4188",
  "nomination_hot_2368": "4189",
  "nomination_cold_1799": "4188",
  "nomination_cold_0095": "4188",
  "nomination_warm_1307": "4188",
  "nomination_hot_0486": "4188",
  "nomination_mild_1641": "4188",
  "nomination_cold_1415": "4188",
  "nomination_warm_1774": "4189",
  "nomination_mild_2216": "4189",
  "nomination_warm_2276": "4189",
  "nomination_cool_2148": "4188",
  "nomination_cold_0992": "4188",
  "nomination_cool_2431": "4188",
  "nomination_hot_2402": "4188",
  "nomination_mild_0419": "4189",
  "nomination_warm_2474": "4189",
  "nomination_warm_1738": "4189",
  "nomination_warm_2234": "4189",
  "nomination_cold_1338": "4188",
  "nomination_cool_1878": "4188",
  "nomination_warm_1651": "4189",
  "nomination_cool_2197": "4189",
  "nomination_mild_0993": "4188",
  "nomination_hot_0877": "4189",
  "nomination_cool_0008": "4188",
  "nomination_mild_0553": "4189",
  "nomination_cold_1062": "4188",
  "nomination_cool_2810": "4188",
  "nomination_hot_1192": "4189",
  "nomination_mild_2313": "4189",
  "nomination_cold_2093": "4189",
  "nomination_mild_0354": "4188",
  "nomination_warm_0423": "4188",
  "nomination_cold_2788": "4188",
  "nomination_mild_0661": "4188",
  "nomination_hot_1460": "4189",
  "nomination_cool_2306": "4188",
  "nomination_cool_1108": "4188",
  "nomination_hot_1157": "4189",
  "nomination_hot_2138": "4189",
  "nomination_warm_0631": "4189",
  "nomination_cold_1891": "4188",
  "nomination_hot_2194": "4189",
  "nomination_warm_1517": "4189",
  "nomination_mild_2429": "4189",
  "nomination_cold_2675": "4188",
  "nomination_cool_0243": "4188",
  "nomination_warm_2835": "4189",
  "nomination_cold_0389": "4188",
  "nomination_warm_1729": "4189",
  "nomination_warm_1692": "4188",
  "nomination_mild_0673": "4188",
  "nomination_cold_0503": "4188",
  "nomination_hot_2305": "4189",
  "nomination_cold_0897": "4188",
  "nomination_warm_0053": "4189",
  "nomination_cold_0458": "4188",
  "nomination_cool_0446": "4188",
  "nomination_cool_0439": "4189",
  "nomination_mild_0823": "4188",
  "nomination_cold_0266": "4188",
  "nomination_mild_1128": "4188",
  "nomination_cold_0100": "4188",
  "nomination_mild_0478": "4189",
  "nomination_cool_0357": "4188",
  "nomination_warm_1321": "4189",
  "nomination_warm_1160": "4188",
  "nomination_mild_2710": "4188",
  "nomination_cold_2456": "4188",
  "nomination_mild_1090": "4189",
  "nomination_cool_0261": "4189",
  "nomination_cool_1263": "4188",
  "nomination_cold_1662": "4188",
  "nomination_warm_0551": "4189",
  "nomination_warm_1908": "4189",
  "nomination_cool_1985": "4188",
  "nomination_cold_1266": "4188",
  "nomination_hot_1648": "4189",
  "nomination_cold_0706": "4188",
  "nomination_cold_0795": "4188",
  "nomination_mild_2503": "4188",
  "nomination_cold_0165": "4188",
  "nomination_warm_2783": "4188",
  "nomination_mild_2378": "4189",
  "nomination_cold_2669": "4188",
  "nomination_cool_1300": "4189",
  "nomination_warm_1901": "4188",
  "nomination_cold_0677": "4188",
  "nomination_mild_1286": "4188",
  "nomination_mild_1586": "4188",
  "nomination_cold_1912": "4189",
  "nomination_warm_0167": "4189",
  "nomination_mild_1756": "4188",
  "nomination_cold_0935": "4188",
  "nomination_warm_1927": "4188",
  "nomination_cold_2200": "4188",
  "nomination_mild_2299": "4188",
  "nomination_mild_2520": "4188",
  "nomination_cool_2201": "4188",
  "nomination_cold_1785": "4188",
  "nomination_mild_0641": "4188",
  "nomination_mild_1639": "4188",
  "nomination_cool_0626": "4188",
  "nomination_hot_0853": "4189",
  "nomination_hot_2638": "4189",
  "nomination_warm_1101": "4189",
  "nomination_cold_0506": "4188",
  "nomination_hot_1140": "4188",
  "nomination_warm_0023": "4189",
  "nomination_warm_0906": "4188",
  "nomination_mild_2664": "4188",
  "nomination_cold_2589": "4188",
  "nomination_hot_0431": "4188",
  "nomination_cool_2255": "4188",
  "nomination_warm_0598": "4188",
  "nomination_warm_0229": "4189",
  "nomination_cold_1870": "4188",
  "nomination_cold_0762": "4189",
  "nomination_hot_2432": "4188",
  "nomination_warm_1454": "4189",
  "nomination_warm_0030": "4188",
  "nomination_hot_1021": "4189",
  "nomination_mild_0286": "4188",
  "nomination_cold_1673": "4188",
  "nomination_hot_1179": "4188",
  "nomination_cold_0621": "4188",
  "nomination_hot_0462": "4189",
  "nomination_warm_1619": "4189",
  "nomination_mild_1947": "4188",
  "nomination_hot_1907": "4189",
  "nomination_cold_0803": "4188",
  "nomination_hot_0680": "4188",
  "nomination_hot_1633": "4188",
  "nomination_cold_2270": "4188",
  "nomination_warm_2576": "4189",
  "nomination_warm_2015": "4188",
  "nomination_cold_2493": "4188",
  "nomination_cold_1825": "4188",
  "nomination_cold_2803": "4188",
  "nomination_cold_0309": "4188",
  "nomination_cold_0260": "4188",
  "nomination_mild_1195": "4188",
  "nomination_hot_1293": "3393",
  "nomination_cool_0202": "4188",
  "nomination_warm_1788": "4188",
  "nomination_mild_1378": "4189",
  "nomination_hot_0546": "4189",
  "nomination_hot_2756": "4188",
  "nomination_hot_2732": "4188",
  "nomination_cold_0642": "4188",
  "nomination_hot_2757": "4189",
  "nomination_cool_0123": "4188",
  "nomination_hot_0433": "4189",
  "nomination_mild_0489": "4188",
  "nomination_warm_1409": "4188",
  "nomination_warm_1175": "4189",
  "nomination_mild_1820": "4189",
  "nomination_cold_2315": "4188",
  "nomination_mild_1353": "4189",
  "nomination_warm_2565": "4189",
  "nomination_warm_0655": "4189",
  "nomination_cold_2117": "4188",
  "nomination_hot_2190": "4188",
  "nomination_hot_0328": "4189",
  "nomination_warm_0084": "4189",
  "nomination_hot_2102": "4189",
  "nomination_cool_1948": "4188",
  "nomination_hot_1594": "4188",
  "nomination_warm_1163": "4188",
  "nomination_warm_1688": "4188",
  "nomination_hot_1988": "4189",
  "nomination_warm_2619": "4188",
  "nomination_mild_1899": "4188",
  "nomination_mild_2153": "4188",
  "nomination_cool_1556": "4188",
  "nomination_warm_1208": "4188",
  "nomination_cold_2761": "4188",
  "nomination_warm_1627": "4188",
  "nomination_hot_2181": "4188",
  "nomination_cold_1994": "4188",
  "nomination_cool_2563": "4188",
  "nomination_cold_0224": "4188",
  "nomination_cold_0319": "4188",
  "nomination_mild_0253": "4188",
  "nomination_mild_1066": "4188",
  "nomination_mild_2179": "4188",
  "nomination_cold_0990": "4188",
  "nomination_hot_2479": "4188",
  "nomination_mild_0650": "4188",
  "nomination_mild_1407": "4189",
  "nomination_mild_1964": "4188",
  "nomination_cool_0889": "4188",
  "nomination_hot_0077": "4189",
  "nomination_warm_1834": "4188",
  "nomination_mild_1807": "4189",
  "nomination_warm_0014": "4189",
  "nomination_hot_1646": "4188",
  "nomination_warm_0940": "4189",
  "nomination_cool_0864": "4188",
  "nomination_mild_0262": "4188",
  "nomination_cool_0413": "4188",
  "nomination_cold_0522": "4188",
  "nomination_hot_2545": "4189",
  "nomination_cold_2546": "4189",
  "nomination_cool_0472": "4188",
  "nomination_mild_2826": "4188",
  "nomination_warm_1064": "4189",
  "nomination_warm_1489": "4188",
  "nomination_cold_1746": "4188",
  "nomination_hot_2061": "4189",
  "nomination_cold_1735": "4188",
  "nomination_cool_2317": "4189",
  "nomination_cold_1577": "4188",
  "nomination_cold_0730": "4188",
  "nomination_warm_1574": "4189",
  "nomination_cold_2436": "4189",
  "nomination_hot_1545": "4188",
  "nomination_hot_0461": "4189",
  "nomination_cold_0620": "4188",
  "nomination_warm_0755": "4188",
  "nomination_hot_1252": "4188",
  "nomination_cold_0743": "4188",
  "nomination_mild_2490": "4188",
  "nomination_warm_0463": "4189",
  "nomination_warm_0154": "4188",
  "nomination_warm_1816": "4188",
  "nomination_hot_1590": "3393",
  "nomination_cool_0343": "4189",
  "nomination_hot_2069": "4189",
  "nomination_cold_1974": "4188",
  "nomination_warm_1741": "4189",
  "nomination_warm_2754": "4188",
  "nomination_mild_0454": "4188",
  "nomination_cool_0219": "4188",
  "nomination_warm_0536": "4188",
  "nomination_mild_0996": "4188",
  "nomination_cool_1044": "4188",
  "nomination_warm_1413": "4189",
  "nomination_warm_1875": "4188",
  "nomination_warm_0670": "4189",
  "nomination_cool_2495": "4188",
  "nomination_cold_1869": "4188",
  "nomination_cold_1327": "4188",
  "nomination_warm_1188": "4189",
  "nomination_warm_0874": "4189",
  "nomination_mild_1498": "4188",
  "nomination_warm_2329": "4188",
  "nomination_warm_0035": "4188",
  "nomination_warm_0179": "4189",
  "nomination_hot_1212": "4188",
  "nomination_cool_2514": "4188",
  "nomination_cool_0893": "4188",
  "nomination_hot_2752": "4188",
  "nomination_mild_0274": "4188",
  "nomination_cool_1715": "4188",
  "nomination_cool_2239": "4189",
  "nomination_cool_1760": "4189",
  "nomination_cool_0232": "4188",
  "nomination_cold_1957": "4188",
  "nomination_cool_2247": "4188",
  "nomination_warm_1684": "4189",
  "nomination_warm_1664": "4189",
  "nomination_cold_0190": "4188",
  "nomination_warm_0355": "4189",
  "nomination_mild_2746": "4189",
  "nomination_warm_2581": "4189",
  "nomination_cold_2607": "4188",
  "nomination_cold_0360": "4189",
  "nomination_hot_1343": "4189",
  "nomination_mild_2380": "4188",
  "nomination_mild_1636": "4189",
  "nomination_cool_1438": "4188",
  "nomination_cold_1563": "4188",
  "nomination_cool_2540": "4188",
  "nomination_hot_1843": "4188",
  "nomination_mild_1167": "4188",
  "nomination_cool_1585": "4188",
  "nomination_cold_1999": "4188",
  "nomination_mild_2322": "4188",
  "nomination_mild_2063": "4189",
  "nomination_warm_0998": "4188",
  "nomination_cold_1204": "4188",
  "nomination_mild_1745": "4188",
  "nomination_cold_2763": "4188",
  "nomination_cold_1114": "4188",
  "nomination_cold_1872": "4188",
  "nomination_cool_2068": "4189",
  "nomination_hot_0829": "4189",
  "nomination_mild_0430": "4188",
  "nomination_cold_2141": "4188",
  "nomination_cold_1417": "4188",
  "nomination_cold_0314": "4188",
  "nomination_hot_0773": "4189",
  "nomination_warm_0052": "4189",
  "nomination_mild_1539": "4189",
  "nomination_cold_1946": "4188",
  "nomination_mild_2009": "4188",
  "nomination_hot_0520": "4188",
  "nomination_cold_1337": "4188",
  "nomination_mild_1334": "4188",
  "nomination_hot_2318": "4188",
  "nomination_cool_1452": "4188",
  "nomination_hot_1826": "4189",
  "nomination_mild_2667": "4188",
  "nomination_hot_1497": "4188",
  "nomination_hot_0999": "4189",
  "nomination_cool_1771": "4189",
  "nomination_mild_1083": "4189",
  "nomination_cold_1713": "4188",
  "nomination_cold_0615": "4188",
  "nomination_cool_0497": "4188",
  "nomination_cold_1496": "4188",
  "nomination_mild_1612": "4189",
  "nomination_cold_0206": "4188",
  "nomination_mild_1605": "4188",
  "nomination_hot_0570": "4188",
  "nomination_warm_1818": "4189",
  "nomination_cold_1403": "4188",
  "nomination_hot_0122": "4188",
  "nomination_cold_2290": "4188",
  "nomination_mild_2330": "4189",
  "nomination_warm_2400": "4188",
  "nomination_hot_1024": "4189",
  "nomination_warm_2663": "4188",
  "nomination_cool_1709": "4188",
  "nomination_mild_1231": "4189",
  "nomination_cold_1561": "4189",
  "nomination_mild_2191": "4188",
  "nomination_warm_0832": "4189",
  "nomination_warm_2060": "4189",
  "nomination_cold_0159": "4188",
  "nomination_cool_0388": "4188",
  "nomination_warm_1842": "4189",
  "nomination_hot_2825": "4188",
  "nomination_warm_1634": "4189",
  "nomination_cool_0097": "4189",
  "nomination_mild_2296": "4188",
  "nomination_mild_0939": "4188",
  "nomination_cold_1706": "4188",
  "nomination_mild_2759": "4189",
  "nomination_hot_1644": "4188",
  "nomination_warm_2773": "4188",
  "nomination_cold_0936": "4188",
  "nomination_cold_0161": "4188",
  "nomination_warm_0741": "4188",
  "nomination_cool_0870": "4189",
  "nomination_cold_1304": "4188",
  "nomination_cold_2831": "4188",
  "nomination_warm_0344": "4189",
  "nomination_cold_1364": "4188",
  "nomination_cold_2350": "4188",
  "nomination_warm_2491": "4189",
  "nomination_hot_2365": "4188",
  "nomination_cold_2137": "4188",
  "nomination_hot_0466": "4189",
  "nomination_warm_0021": "4189",
  "nomination_hot_0756": "4189",
  "nomination_hot_0701": "4188",
  "nomination_mild_1458": "4188",
  "nomination_warm_2630": "4188",
  "nomination_hot_1397": "4188",
  "nomination_cold_2650": "4188",
  "nomination_mild_1214": "4188",
  "nomination_cool_0373": "4189",
  "nomination_cool_1474": "4188",
  "nomination_warm_1358": "4188",
  "nomination_mild_2816": "4188",
  "nomination_cold_0416": "4188",
  "nomination_mild_1197": "4188",
  "nomination_cool_1009": "4188",
  "nomination_cool_1111": "4188",
  "nomination_mild_1185": "4188",
  "nomination_mild_2428": "4188",
  "nomination_mild_1584": "4188",
  "nomination_cool_1264": "4189",
  "nomination_warm_1060": "4189",
  "nomination_cold_2838": "4188",
  "nomination_cool_0934": "4189",
  "nomination_warm_0820": "4189",
  "nomination_warm_2361": "4189",
  "nomination_cool_1915": "4189",
  "nomination_hot_1624": "4188",
  "nomination_cool_2213": "4188",
  "nomination_hot_2475": "4189",
  "nomination_hot_1379": "4189",
  "nomination_hot_2123": "4188",
  "nomination_hot_1564": "4188",
  "nomination_cold_1671": "4188",
  "nomination_hot_2459": "4189",
  "nomination_mild_2158": "4189",
  "nomination_cold_1164": "4188",
  "nomination_mild_1436": "4188",
  "nomination_cold_1055": "4188",
  "nomination_warm_1478": "4188",
  "nomination_mild_0442": "4188",
  "nomination_mild_0665": "4189",
  "nomination_hot_1566": "4188",
  "nomination_cool_0899": "4188",
  "nomination_mild_1051": "4188",
  "nomination_warm_0797": "4189",
  "nomination_cold_0847": "4188",
  "nomination_cold_1414": "4188",
  "nomination_mild_0007": "4188",
  "nomination_warm_0464": "4189",
  "nomination_cool_2056": "4188",
  "nomination_cold_0057": "4188",
  "nomination_warm_1973": "4189",
  "nomination_cold_1386": "4188",
  "nomination_warm_0782": "4189",
  "nomination_hot_2489": "4188",
  "nomination_cold_2447": "4188",
  "nomination_mild_2549": "4189",
  "nomination_cool_2738": "4188",
  "nomination_warm_2397": "4189",
  "nomination_mild_2248": "4188",
  "nomination_warm_2617": "4189",
  "nomination_cold_2467": "4188",
  "nomination_warm_2269": "4189",
  "nomination_mild_2118": "4188",
  "nomination_hot_2308": "4189",
  "nomination_hot_2284": "4189",
  "nomination_hot_1109": "4189",
  "nomination_cool_0956": "4188",
  "nomination_cold_2235": "4188",
  "nomination_mild_1308": "4188",
  "nomination_cool_0702": "4188",
  "nomination_warm_0180": "4188",
  "nomination_warm_1089": "4188",
  "nomination_mild_2705": "4189",
  "nomination_warm_1821": "4188",
  "nomination_cold_2500": "4188",
  "nomination_cool_1810": "4188",
  "nomination_mild_0525": "4188",
  "nomination_warm_2840": "4189",
  "nomination_cold_0720": "4188",
  "nomination_cold_2346": "4188",
  "nomination_cold_1805": "4188",
  "nomination_cold_1374": "4188",
  "nomination_hot_0087": "4189",
  "nomination_warm_1257": "4189",
  "nomination_warm_1356": "4188",
  "nomination_mild_2502": "4188",
  "nomination_warm_0160": "4188",
  "nomination_hot_0669": "4189",
  "nomination_cool_0191": "4188",
  "nomination_mild_2556": "4188",
  "nomination_mild_1362": "4189",
  "nomination_cold_2278": "4189",
  "nomination_cool_0810": "4188",
  "nomination_cold_2560": "4188",
  "nomination_cold_2687": "4188",
  "nomination_hot_2362": "4188",
  "nomination_warm_2729": "4189",
  "nomination_cold_0871": "4188",
  "nomination_cold_0788": "4188",
  "nomination_cool_1433": "4188",
  "nomination_hot_1267": "4188",
  "nomination_cold_1394": "4188",
  "nomination_mild_2616": "4188",
  "nomination_cold_1190": "4188",
  "nomination_warm_1346": "4188",
  "nomination_cold_0953": "4188",
  "nomination_cold_1028": "4188",
  "nomination_cold_1516": "4188",
  "nomination_mild_2098": "4189",
  "nomination_hot_1412": "4188",
  "nomination_cold_0675": "4188",
  "nomination_warm_1628": "4189",
  "nomination_cool_2674": "4189",
  "nomination_cool_2578": "4189",
  "nomination_cool_0707": "4189",
  "nomination_cold_1699": "4188",
  "nomination_cold_0924": "4188",
  "nomination_warm_1189": "4188",
  "nomination_hot_0765": "4188",
  "nomination_warm_2626": "4188",
  "nomination_cool_2171": "4188",
  "nomination_hot_1095": "4189",
  "nomination_cold_1504": "4188",
  "nomination_mild_1209": "4189",
  "nomination_mild_1603": "4188",
  "nomination_cool_2144": "4188",
  "nomination_cool_0353": "4188",
  "nomination_cold_0796": "4188",
  "nomination_cool_0644": "4188",
  "nomination_cold_2006": "4188",
  "nomination_warm_0254": "4189",
  "nomination_hot_1835": "4189",
  "nomination_cool_2688": "4189",
  "nomination_cold_0105": "4188",
  "nomination_cool_0311": "4188",
  "nomination_cool_2217": "4188",
  "nomination_warm_1246": "4188",
  "nomination_cool_2312": "4188",
  "nomination_hot_1962": "4189",
  "nomination_mild_1779": "4188",
  "nomination_hot_2355": "4189",
  "nomination_warm_2510": "4189",
  "nomination_warm_0967": "4189",
  "nomination_cool_1945": "4188",
  "nomination_hot_2622": "4189",
  "nomination_warm_2345": "4188",
  "nomination_hot_0845": "4188",
  "nomination_cool_1105": "4188",
  "nomination_cool_2341": "4188",
  "nomination_mild_1149": "4189",
  "nomination_cool_2779": "4188",
  "nomination_hot_1461": "4189",
  "nomination_cold_0422": "4188",
  "nomination_cold_2124": "4188",
  "nomination_mild_0294": "4188",
  "nomination_cold_0634": "4188",
  "nomination_mild_1710": "4188",
  "nomination_hot_0593": "4189",
  "nomination_hot_0516": "4188",
  "nomination_hot_1322": "4188",
  "nomination_cool_0949": "4188",
  "nomination_hot_2843": "4189",
  "nomination_cool_1423": "4189",
  "nomination_hot_0541": "4188",
  "nomination_mild_0827": "4188",
  "nomination_cold_0109": "4188",
  "nomination_mild_0646": "4189",
  "nomination_warm_0129": "4189",
  "nomination_cool_1857": "4188",
  "nomination_hot_2586": "4188",
  "nomination_hot_0915": "4188",
  "nomination_cold_1466": "4188",
  "nomination_cold_1595": "4188",
  "nomination_cold_2000": "4188",
  "nomination_cold_0858": "4188",
  "nomination_warm_0515": "4188",
  "nomination_mild_1138": "4188",
  "nomination_cool_0606": "4188",
  "nomination_cold_0767": "4188",
  "nomination_mild_2648": "4189",
  "nomination_cool_0169": "4189",
  "nomination_mild_2460": "4189",
  "nomination_cool_0210": "4188",
  "nomination_warm_2792": "4188",
  "nomination_cool_0297": "4188",
  "nomination_hot_0589": "4188",
  "nomination_hot_0474": "4189",
  "nomination_hot_0732": "4189",
  "nomination_warm_2347": "4189",
  "nomination_hot_0273": "4188",
  "nomination_warm_0648": "4189",
  "nomination_cool_0519": "4188",
  "nomination_cold_1069": "4189",
  "nomination_mild_0024": "4189",
  "nomination_cool_0633": "4189",
  "nomination_cool_0168": "4189",
  "nomination_cold_1695": "4188",
  "nomination_mild_0403": "4188",
  "nomination_cool_2848": "4188",
  "nomination_hot_1716": "4188",
  "nomination_warm_1691": "4189",
  "nomination_cold_1534": "4188",
  "nomination_cool_0622": "4188",
  "nomination_mild_1933": "4188",
  "nomination_cool_2828": "4188",
  "nomination_mild_1705": "4188",
  "nomination_mild_1893": "4189",
  "nomination_hot_1914": "4189",
  "nomination_cold_1218": "4188",
  "nomination_cool_0414": "4188",
  "nomination_cold_0959": "4188",
  "nomination_cold_1127": "4188",
  "nomination_cold_0717": "4188",
  "nomination_cold_0468": "4188",
  "nomination_warm_0407": "4189",
  "nomination_cool_0745": "4189",
  "nomination_cool_1302": "4189",
  "nomination_mild_1248": "4188",
  "nomination_warm_2227": "4189",
  "nomination_hot_1950": "4189",
  "nomination_cool_2683": "4188",
  "nomination_cool_1091": "4188",
  "nomination_cold_0488": "4188",
  "nomination_hot_1954": "4189",
  "nomination_cool_0252": "4188",
  "nomination_cool_2377": "4188",
  "nomination_cool_0199": "4188",
  "nomination_mild_1663": "4189",
  "nomination_cold_1391": "4188",
  "nomination_cold_1939": "4188",
  "nomination_cold_0657": "4188",
  "nomination_cool_0791": "4188",
  "nomination_cold_1613": "4188",
  "nomination_cool_0270": "4188",
  "nomination_cold_2583": "4188",
  "nomination_mild_1388": "4188",
  "nomination_cold_1714": "4188",
  "nomination_warm_1508": "4188",
  "nomination_mild_0441": "4189",
  "nomination_mild_2492": "4188",
  "nomination_cold_1372": "4188",
  "nomination_hot_0476": "4189",
  "nomination_cold_1230": "4188",
  "nomination_cold_1682": "4188",
  "nomination_mild_2426": "4189",
  "nomination_hot_2652": "4188",
  "nomination_hot_0902": "4188",
  "nomination_warm_0662": "4189",
  "nomination_warm_1593": "4189",
  "nomination_cold_0991": "4188",
  "nomination_mild_0399": "4188",
  "nomination_cool_1977": "4188",
  "nomination_mild_2021": "4188",
  "nomination_cool_2522": "4188",
  "nomination_warm_2531": "4188",
  "nomination_mild_0614": "4188",
  "nomination_cold_2283": "4188",
  "nomination_warm_0214": "4188",
  "nomination_mild_1841": "4188",
  "nomination_cold_0763": "4188",
  "nomination_warm_0976": "4188",
  "nomination_mild_0825": "4188",
  "nomination_mild_0920": "4189",
  "nomination_warm_0494": "4189",
  "nomination_mild_2011": "4188",
  "nomination_warm_2261": "4188",
  "nomination_warm_0034": "4188",
  "nomination_mild_1905": "4188",
  "nomination_warm_2720": "4189",
  "nomination_cold_2515": "4188",
  "nomination_cold_1052": "4188",
  "nomination_cool_2103": "4188",
  "nomination_warm_1475": "4189",
  "nomination_cool_0507": "4189",
  "nomination_hot_1717": "4189",
  "nomination_cold_1764": "4188",
  "nomination_warm_2463": "4188",
  "nomination_cool_1094": "4188",
  "nomination_cool_2805": "4188",
  "nomination_cool_0047": "4189",
  "nomination_cool_1770": "4189",
  "nomination_warm_0039": "4188",
  "nomination_cool_2469": "4188",
  "nomination_cool_1932": "4188",
  "nomination_hot_0429": "4189",
  "nomination_cool_0136": "4188",
  "nomination_hot_2279": "4189",
  "nomination_warm_0769": "4188",
  "nomination_cold_1790": "4189",
  "nomination_warm_0537": "4188",
  "nomination_cool_1309": "4188",
  "nomination_cold_0172": "4188",
  "nomination_mild_0220": "4188",
  "nomination_cold_1465": "4188",
  "nomination_warm_2104": "4188",
  "nomination_hot_1148": "4189",
  "nomination_cold_2827": "4188",
  "nomination_cold_0134": "4188",
  "nomination_mild_1828": "4189",
  "nomination_mild_1652": "4188",
  "nomination_hot_2849": "4189",
  "nomination_cold_0815": "4188",
  "nomination_mild_1530": "4189",
  "nomination_mild_1898": "4188",
  "nomination_hot_1118": "3393",
  "nomination_mild_0988": "4188",
  "nomination_cool_1924": "4189",
  "nomination_mild_1448": "4189",
  "nomination_cool_1555": "4189",
  "nomination_cool_0175": "4189",
  "nomination_hot_1963": "4188",
  "nomination_warm_2712": "4189",
  "nomination_cold_0028": "4188",
  "nomination_mild_1600": "4188",
  "nomination_mild_1491": "4189",
  "nomination_cold_2120": "4188",
  "nomination_mild_2182": "4188",
  "nomination_cold_0092": "4188",
  "nomination_warm_0955": "4188",
  "nomination_cool_1275": "4188",
  "nomination_cold_0812": "4188",
  "nomination_cool_0351": "4188",
  "nomination_warm_1002": "4189",
  "nomination_cold_0345": "4188",
  "nomination_warm_1072": "4188",
  "nomination_warm_0257": "4189",
  "nomination_cool_1420": "4188",
  "nomination_cold_1340": "4188",
  "nomination_warm_1769": "4188",
  "nomination_mild_2135": "4188",
  "nomination_mild_1827": "4188",
  "nomination_cold_2288": "4188",
  "nomination_warm_1396": "4189",
  "nomination_cold_2014": "4189",
  "nomination_cool_2829": "4188",
  "nomination_cold_0089": "4188",
  "nomination_warm_0639": "4188",
  "nomination_hot_1987": "4189",
  "nomination_warm_1125": "4188",
  "nomination_mild_0904": "4188",
  "nomination_hot_0498": "4188",
  "nomination_hot_1079": "4188",
  "nomination_cold_1698": "4188",
  "nomination_warm_1123": "4188",
  "nomination_mild_0535": "4188",
  "nomination_cool_2730": "4188",
  "nomination_cool_0192": "4188",
  "nomination_cool_1093": "4188",
  "nomination_warm_0151": "4188",
  "nomination_cold_0595": "4188",
  "nomination_warm_1422": "4189",
  "nomination_mild_0361": "4188",
  "nomination_cool_0625": "4188",
  "nomination_mild_2557": "4188",
  "nomination_cool_2423": "4189",
  "nomination_hot_1285": "4189",
  "nomination_cold_1823": "4188",
  "nomination_cold_1010": "4188",
  "nomination_cool_1773": "4188",
  "nomination_hot_0579": "4189",
  "nomination_cool_1672": "4188",
  "nomination_warm_2259": "4188",
  "nomination_warm_1451": "4189",
  "nomination_warm_2465": "4189",
  "nomination_cool_0617": "4188",
  "nomination_cool_2240": "4188",
  "nomination_cold_1529": "4188",
  "nomination_warm_1676": "4188",
  "nomination_mild_2658": "4189",
  "nomination_warm_1056": "4189",
  "nomination_cool_1172": "4188",
  "nomination_hot_1837": "4188",
  "nomination_cold_1303": "4188",
  "nomination_warm_2224": "4189",
  "nomination_cold_1281": "4188",
  "nomination_cool_0302": "4188",
  "nomination_cold_1919": "4189",
  "nomination_cold_2371": "4189",
  "nomination_mild_2199": "4188",
  "nomination_warm_1916": "4189",
  "nomination_cold_1665": "4188",
  "nomination_cool_0862": "4189",
  "nomination_cold_1604": "4188",
  "nomination_mild_1329": "4188",
  "nomination_cold_1840": "4188",
  "nomination_hot_0981": "4189",
  "nomination_cold_0186": "4188",
  "nomination_mild_2668": "4188",
  "nomination_cold_0703": "4188",
  "nomination_cold_1136": "4188",
  "nomination_warm_0909": "4188",
  "nomination_cool_1959": "4189",
  "nomination_mild_2553": "4189",
  "nomination_hot_2243": "4188",
  "nomination_cold_1863": "4189",
  "nomination_warm_2745": "4188",
  "nomination_cool_0715": "4188",
  "nomination_cold_2286": "4188",
  "nomination_mild_2342": "4189",
  "nomination_mild_1220": "4189",
  "nomination_cold_0308": "4188",
  "nomination_cool_0312": "4188",
  "nomination_cold_2567": "4188",
  "nomination_hot_1860": "4189",
  "nomination_cold_1421": "4188",
  "nomination_cold_2066": "4189",
  "nomination_cool_2742": "4188",
  "nomination_cool_2411": "4188",
  "nomination_cold_0687": "4188",
  "nomination_mild_1734": "4189",
  "nomination_mild_1081": "4189",
  "nomination_mild_0483": "4188",
  "nomination_cool_1429": "4188",
  "nomination_warm_1598": "4189",
  "nomination_mild_0759": "4188",
  "nomination_hot_1611": "4188",
  "nomination_cool_2477": "4188",
  "nomination_cool_1703": "4188",
  "nomination_cool_0539": "4188",
  "nomination_mild_2419": "4189",
  "nomination_cold_1936": "4188",
  "nomination_mild_2152": "4189",
  "nomination_warm_0356": "4189",
  "nomination_cold_1194": "4188",
  "nomination_warm_2703": "4188",
  "nomination_cool_1000": "4188",
  "nomination_mild_1700": "4188",
  "nomination_warm_2767": "4189",
  "nomination_cold_0271": "4188",
  "nomination_warm_2109": "4189",
  "nomination_cool_2587": "4188",
  "nomination_cold_2584": "4188",
  "nomination_hot_1723": "4188",
  "nomination_warm_1800": "4189",
  "nomination_hot_2055": "4189",
  "nomination_cold_1754": "4188",
  "nomination_cold_2579": "4188",
  "nomination_hot_1262": "4188",
  "nomination_mild_1219": "4188",
  "nomination_cool_0036": "4188",
  "nomination_cool_0895": "4189",
  "nomination_cool_2529": "4188",
  "nomination_cool_1677": "4188",
  "nomination_cool_1256": "4188",
  "nomination_warm_2375": "4189",
  "nomination_mild_2408": "4188",
  "nomination_cool_1058": "4188",
  "nomination_warm_2078": "4188",
  "nomination_hot_0482": "4188",
  "nomination_cold_2706": "4188",
  "nomination_hot_2198": "4188",
  "nomination_cool_2193": "4188",
  "nomination_cold_0590": "4188",
  "nomination_hot_0540": "4189",
  "nomination_hot_1797": "4188",
  "nomination_cold_1581": "4188",
  "nomination_hot_1829": "4188",
  "nomination_mild_2254": "4189",
  "nomination_cold_2771": "4188",
  "nomination_warm_1814": "4188",
  "nomination_hot_1193": "4188",
  "nomination_hot_2614": "4188",
  "nomination_mild_1768": "4188",
  "nomination_cold_0638": "4188",
  "nomination_warm_1749": "4189",
  "nomination_mild_1100": "4188",
  "nomination_cold_0523": "4188",
  "nomination_cold_0452": "4188",
  "nomination_mild_1354": "4189",
  "nomination_cool_2237": "4189",
  "nomination_mild_2249": "4189",
  "nomination_warm_0840": "4188",
  "nomination_hot_0997": "4189",
  "nomination_hot_0760": "4189",
  "nomination_cool_0080": "4189",
  "nomination_mild_1130": "4188",
  "nomination_warm_2018": "4188",
  "nomination_warm_1059": "4189",
  "nomination_mild_1198": "4189",
  "nomination_cold_0751": "4188",
  "nomination_warm_1348": "4189",
  "nomination_cool_1610": "4188",
  "nomination_hot_0281": "4189",
  "nomination_cool_2050": "4188",
  "nomination_cool_2004": "4188",
  "nomination_cool_0063": "4188",
  "nomination_warm_1342": "4189",
  "nomination_warm_0799": "4189",
  "nomination_warm_0099": "4188",
  "nomination_mild_2003": "4188",
  "nomination_cool_0138": "4188",
  "nomination_mild_0842": "4188",
  "nomination_cool_0785": "4188",
  "nomination_cool_2798": "4188",
  "nomination_cold_0184": "4188",
  "nomination_warm_2562": "4188",
  "nomination_cold_0004": "4188",
  "nomination_cool_2775": "4188",
  "nomination_cool_2085": "4188",
  "nomination_mild_0693": "4188",
  "nomination_warm_2105": "4189",
  "nomination_mild_0305": "4189",
  "nomination_mild_1154": "4189",
  "nomination_hot_2854": "4188",
  "nomination_cold_2807": "4188",
  "nomination_cool_0850": "4189",
  "nomination_mild_0894": "4188",
  "nomination_mild_2676": "4188",
  "nomination_warm_1696": "4188",
  "nomination_mild_0888": "4188",
  "nomination_hot_0467": "4189",
  "nomination_warm_1930": "4189",
  "nomination_hot_2639": "4189",
  "nomination_hot_2693": "4189",
  "nomination_cold_0444": "4188",
  "nomination_warm_0280": "4188",
  "nomination_cold_2145": "4189",
  "nomination_cool_0421": "4188",
  "nomination_hot_1597": "4189",
  "nomination_cool_1227": "4188",
  "nomination_warm_0158": "4189",
  "nomination_cold_2359": "4188",
  "nomination_cool_1582": "4188",
  "nomination_cool_1492": "4188",
  "nomination_warm_1457": "4189",
  "nomination_warm_2659": "4188",
  "nomination_cool_0950": "4188",
  "nomination_warm_1453": "4188",
  "nomination_warm_1694": "4188",
  "nomination_cold_1758": "4189",
  "nomination_mild_0062": "4188",
  "nomination_warm_2218": "4189",
  "nomination_mild_0780": "4188",
  "nomination_cool_0544": "4188",
  "nomination_cold_1520": "4188",
  "nomination_hot_0612": "4188",
  "nomination_cool_2231": "4188",
  "nomination_cool_1743": "4188",
  "nomination_hot_1488": "4188",
  "nomination_hot_2424": "4189",
  "nomination_hot_0078": "4188",
  "nomination_cool_1165": "4188",
  "nomination_cool_0025": "4188",
  "nomination_hot_0346": "4188",
  "nomination_cool_0125": "4188",
  "nomination_mild_1811": "4188",
  "nomination_warm_0391": "4189",
  "nomination_cool_0809": "4189",
  "nomination_cold_0449": "4188",
  "nomination_warm_2569": "4188",
  "nomination_cold_2555": "4188",
  "nomination_cold_1347": "4188",
  "nomination_cool_1018": "4189",
  "nomination_cool_2702": "4189",
  "nomination_cool_0321": "4188",
  "nomination_cold_2670": "4188",
  "nomination_cold_2640": "4188",
  "nomination_cool_2743": "4189",
  "nomination_hot_0235": "4188",
  "nomination_cold_0417": "4188",
  "nomination_cool_0491": "4188",
  "nomination_cold_1186": "4188",
  "nomination_cold_1521": "4188",
  "nomination_cool_0841": "4189",
  "nomination_cool_0118": "4188",
  "nomination_cool_0837": "4188",
  "nomination_hot_1046": "4189",
  "nomination_cold_1250": "4189",
  "nomination_warm_0973": "4189",
  "nomination_cool_2818": "4188",
  "nomination_cool_1657": "4188",
  "nomination_mild_0166": "4188",
  "nomination_cold_0916": "4188",
  "nomination_warm_2256": "4189",
  "nomination_cold_0450": "4188",
  "nomination_cold_1759": "4188",
  "nomination_hot_0427": "4188",
  "nomination_warm_0659": "4189",
  "nomination_hot_1775": "4189",
  "nomination_mild_0320": "4188",
  "nomination_cold_1389": "4189",
  "nomination_warm_2058": "4189",
  "nomination_hot_1750": "3393",
  "nomination_warm_0074": "4188",
  "nomination_cool_1402": "4188",
  "nomination_mild_1053": "4189",
  "nomination_mild_1543": "4189",
  "nomination_cool_1702": "4188",
  "nomination_cold_1156": "4188",
  "nomination_warm_2287": "4188",
  "nomination_cold_2785": "4188",
  "nomination_hot_1104": "4188",
  "nomination_hot_0102": "4189",
  "nomination_cold_0711": "4188",
  "nomination_cool_1722": "4188",
  "nomination_cool_0816": "4188",
  "nomination_warm_1885": "4188",
  "nomination_mild_1459": "4188",
  "nomination_cool_0091": "4188",
  "nomination_cold_1441": "4188",
  "nomination_cold_1751": "4188",
  "nomination_cool_2846": "4189",
  "nomination_cool_2685": "4189",
  "nomination_cool_1404": "4189",
  "nomination_cool_1410": "4188",
  "nomination_mild_0666": "4188",
  "nomination_cold_1637": "4188",
  "nomination_hot_1368": "4188",
  "nomination_hot_1440": "4188",
  "nomination_warm_2487": "4188",
  "nomination_hot_1868": "4188",
  "nomination_hot_1851": "4188",
  "nomination_warm_2253": "4189",
  "nomination_warm_1306": "4188",
  "nomination_cold_2246": "4188",
  "nomination_cool_0671": "4188",
  "nomination_cold_0110": "4188",
  "nomination_hot_0777": "4188",
  "nomination_cool_2772": "4188",
  "nomination_cold_2076": "4188",
  "nomination_mild_2484": "4188",
  "nomination_mild_1043": "4188",
  "nomination_cool_0226": "4188",
  "nomination_cold_0658": "4188",
  "nomination_cool_1681": "4189",
  "nomination_mild_0056": "4188",
  "nomination_cold_1888": "4188",
  "nomination_hot_0801": "4189",
  "nomination_cool_2605": "4188",
  "nomination_hot_0020": "4188",
  "nomination_cold_0041": "4188",
  "nomination_mild_1996": "4189",
  "nomination_hot_0969": "4188",
  "nomination_warm_1223": "4189",
  "nomination_cold_1658": "4188",
  "nomination_cool_1103": "4188",
  "nomination_mild_0006": "4188",
  "nomination_cold_2232": "4188",
  "nomination_cool_0567": "4188",
  "nomination_warm_1352": "4189",
  "nomination_warm_2301": "4188",
  "nomination_mild_2089": "4189",
  "nomination_hot_2324": "4189",
  "nomination_warm_0664": "4189",
  "nomination_cool_2695": "4188",
  "nomination_cool_2850": "4188",
  "nomination_mild_2399": "4188",
  "nomination_mild_2343": "4189",
  "nomination_warm_1464": "4189",
  "nomination_hot_0248": "4188",
  "nomination_warm_0927": "4189",
  "nomination_cool_1953": "4189",
  "nomination_hot_2081": "4189",
  "nomination_warm_2497": "4189",
  "nomination_mild_1894": "4188",
  "nomination_mild_2481": "4188",
  "nomination_mild_0714": "4188",
  "nomination_mild_0060": "4188",
  "nomination_cold_2294": "4189",
  "nomination_cool_0157": "4189",
  "nomination_mild_1229": "4188",
  "nomination_hot_1889": "4189",
  "nomination_warm_2599": "4188",
  "nomination_warm_2628": "4189",
  "nomination_cool_0390": "4189",
  "nomination_warm_1025": "4189",
  "nomination_cool_2091": "4188",
  "nomination_hot_0085": "4188",
  "nomination_warm_2354": "4188",
  "nomination_cool_0149": "4188",
  "nomination_cold_2488": "4188",
  "nomination_cold_0733": "4188",
  "nomination_mild_0686": "4188",
  "nomination_mild_0324": "4189",
  "nomination_warm_0496": "4188",
  "nomination_cold_2166": "4188",
  "nomination_cool_0001": "4188",
  "nomination_cold_2780": "4188",
  "nomination_cold_2439": "4188",
  "nomination_hot_1345": "4189",
  "nomination_cold_1369": "4188",
  "nomination_warm_0859": "4189",
  "nomination_mild_2856": "4189",
  "nomination_hot_1144": "4189",
  "nomination_warm_1315": "4188",
  "nomination_cold_0647": "4188",
  "nomination_mild_2136": "4188",
  "nomination_hot_2176": "4188",
  "nomination_mild_2768": "4188",
  "nomination_hot_2325": "4189",
  "nomination_warm_0533": "4189",
  "nomination_cold_0104": "4188",
  "nomination_warm_2304": "4189",
  "nomination_cold_1794": "4188",
  "nomination_warm_2655": "4189",
  "nomination_hot_0130": "4189",
  "nomination_mild_2507": "4188",
  "nomination_hot_2174": "4188",
  "nomination_mild_1045": "4188",
  "nomination_warm_2097": "4189",
  "nomination_warm_0681": "4188",
  "nomination_hot_0107": "4188",
  "nomination_cool_0313": "4188",
  "nomination_cold_1196": "4188",
  "nomination_cold_2161": "4193",
  "nomination_warm_2072": "4188",
  "nomination_hot_2844": "4188",
  "nomination_warm_0890": "4188",
  "nomination_cool_1733": "4188",
  "nomination_cold_2275": "4188",
  "nomination_cool_1434": "4188",
  "nomination_cool_1607": "4188",
  "nomination_cold_0490": "4188",
  "nomination_hot_1332": "4188",
  "nomination_warm_2666": "4188",
  "nomination_warm_0747": "4189",
  "nomination_warm_1602": "4189",
  "nomination_cold_1373": "4188",
  "nomination_cold_1640": "4188",
  "nomination_cold_0106": "4188",
  "nomination_cold_0375": "4188",
  "nomination_warm_2134": "4189",
  "nomination_cool_1336": "4188",
  "nomination_cold_0437": "4188",
  "nomination_hot_0380": "4188",
  "nomination_cool_2026": "4188",
  "nomination_cool_1507": "4188",
  "nomination_cold_0290": "4188",
  "nomination_hot_1447": "4188",
  "nomination_hot_2149": "4188",
  "nomination_cold_2405": "4188",
  "nomination_warm_1382": "4188",
  "nomination_mild_2793": "4189",
  "nomination_cold_2697": "4188",
  "nomination_warm_1580": "4188",
  "nomination_cool_0182": "4188",
  "nomination_warm_2332": "4188",
  "nomination_warm_2717": "4189",
  "nomination_cool_0011": "4188",
  "nomination_mild_1531": "4188",
  "nomination_cold_2551": "4188",
  "nomination_cool_1955": "4188",
  "nomination_cool_0043": "4188",
  "nomination_cool_2797": "4188",
  "nomination_warm_0880": "4188",
  "nomination_hot_0708": "4189",
  "nomination_cold_1289": "4189",
  "nomination_warm_0603": "4188",
  "nomination_cold_1115": "4188",
  "nomination_mild_0010": "4189",
  "nomination_cold_1328": "4189",
  "nomination_cold_2126": "4188",
  "nomination_warm_1839": "4189",
  "nomination_cold_0608": "4188",
  "nomination_cold_0408": "4189",
  "nomination_cold_2230": "4188",
  "nomination_warm_2498": "4188",
  "nomination_warm_0549": "4188",
  "nomination_cool_2057": "4188",
  "nomination_warm_1512": "4189",
  "nomination_hot_2568": "4189",
  "nomination_warm_1004": "4188",
  "nomination_warm_2012": "4188",
  "nomination_hot_0852": "4188",
  "nomination_warm_2257": "4188",
  "nomination_warm_0900": "4188",
  "nomination_mild_2352": "4188",
  "nomination_hot_1772": "4188",
  "nomination_mild_2518": "4188",
  "nomination_warm_0473": "4189",
  "nomination_cool_0316": "4188",
  "nomination_cold_2204": "4188",
  "nomination_cool_1155": "4188",
  "nomination_warm_1550": "4188",
  "nomination_cold_2837": "4188",
  "nomination_cool_1956": "4188",
  "nomination_warm_1366": "4189",
  "nomination_warm_2395": "4189",
  "nomination_warm_0400": "4188",
  "nomination_cold_0293": "4188",
  "nomination_cold_1565": "4188",
  "nomination_cold_1712": "4188",
  "nomination_cool_0204": "4188",
  "nomination_hot_1547": "4189",
  "nomination_cold_2852": "4188",
  "nomination_cold_1897": "4188",
  "nomination_mild_0554": "4188",
  "nomination_cool_0558": "4189",
  "nomination_cool_1862": "4188",
  "nomination_hot_0748": "4189",
  "nomination_warm_2373": "4188",
  "nomination_cold_2369": "4188",
  "nomination_cool_2618": "4188",
  "nomination_cool_2410": "4188",
  "nomination_hot_0394": "4189",
  "nomination_mild_0026": "4189",
  "nomination_hot_2131": "4188",
  "nomination_mild_1824": "4188",
  "nomination_warm_2065": "4189",
  "nomination_cold_0972": "4189",
  "nomination_cool_0405": "4188",
  "nomination_mild_2704": "4188",
  "nomination_mild_2646": "4189",
  "nomination_cool_2442": "4188",
  "nomination_mild_2613": "4188",
  "nomination_mild_1147": "4188",
  "nomination_mild_0340": "4188",
  "nomination_warm_1552": "4188",
  "nomination_cold_2575": "4188",
  "nomination_warm_2268": "4189",
  "nomination_warm_0325": "4189",
  "nomination_cold_0046": "4188",
  "nomination_cool_0377": "4188",
  "nomination_cold_0178": "4188",
  "nomination_mild_2435": "4188",
  "nomination_warm_2335": "4189",
  "nomination_cool_1568": "4188",
  "nomination_cool_0543": "4188",
  "nomination_warm_1515": "4188",
  "nomination_mild_0911": "4188",
  "nomination_hot_1142": "4189",
  "nomination_mild_2033": "4188",
  "nomination_warm_0982": "4188",
  "nomination_warm_0826": "4189",
  "nomination_warm_2291": "4188",
  "nomination_cold_0141": "4188",
  "nomination_hot_0072": "4188",
  "nomination_warm_1626": "4188",
  "nomination_cold_2241": "4188",
  "nomination_hot_0143": "4189",
  "nomination_warm_2266": "4189",
  "nomination_hot_0236": "4188",
  "nomination_cool_0504": "4188",
  "nomination_cold_0341": "4188",
  "nomination_cool_2311": "4188",
  "nomination_cool_0065": "4189",
  "nomination_warm_2024": "4188",
  "nomination_warm_0674": "4189",
  "nomination_cool_0781": "4188",
  "nomination_mild_1032": "4188",
  "nomination_warm_2760": "4188",
  "nomination_hot_2101": "4188",
  "nomination_cool_2086": "4189",
  "nomination_warm_2453": "4189",
  "nomination_hot_2787": "4188",
  "nomination_warm_1381": "4188",
  "nomination_mild_1463": "4188",
  "nomination_cool_2537": "4188",
  "nomination_cold_0258": "4188",
  "nomination_warm_2157": "4188",
  "nomination_hot_2476": "3393",
  "nomination_warm_1802": "4189",
  "nomination_warm_0217": "4189",
  "nomination_cold_1589": "4188",
  "nomination_warm_2620": "4188",
  "nomination_cold_1718": "4188",
  "nomination_cold_2326": "4188",
  "nomination_hot_0471": "4189",
  "nomination_warm_2309": "4188",
  "nomination_cool_2029": "4189",
  "nomination_warm_0509": "4188",
  "nomination_warm_1683": "4189",
  "nomination_hot_2523": "4189",
  "nomination_hot_0697": "4188",
  "nomination_mild_2349": "4189",
  "nomination_warm_2842": "4188",
  "nomination_warm_1886": "4189",
  "nomination_hot_2596": "4188",
  "nomination_warm_1883": "4188",
  "nomination_cold_1909": "4189",
  "nomination_cold_0322": "4188",
  "nomination_cool_1139": "4188",
  "nomination_cool_1541": "4188",
  "nomination_cold_1310": "4188",
  "nomination_warm_0033": "4189",
  "nomination_hot_2470": "4189",
  "nomination_warm_1730": "4189",
  "nomination_hot_0689": "4188",
  "nomination_mild_1511": "4188",
  "nomination_cold_2764": "4188",
  "nomination_cold_0514": "4188",
  "nomination_cool_2466": "4188",
  "nomination_warm_0250": "4189",
  "nomination_cold_2319": "4188",
  "nomination_warm_1592": "4188",
  "nomination_cold_1583": "4188",
  "nomination_cool_1855": "4188",
  "nomination_warm_1961": "4188",
  "nomination_mild_2040": "4188",
  "nomination_hot_0284": "4188",
  "nomination_warm_0581": "4189",
  "nomination_hot_0942": "4188",
  "nomination_cold_1650": "4188",
  "nomination_warm_0821": "4189",
  "nomination_warm_2558": "4189",
  "nomination_cold_0881": "4188",
  "nomination_cool_1344": "4189",
  "nomination_mild_1446": "4188",
  "nomination_warm_0545": "4189",
  "nomination_cold_1226": "4188",
  "nomination_warm_2008": "4188",
  "nomination_hot_2252": "3393",
  "nomination_cool_1027": "4188",
  "nomination_cool_0307": "4188",
  "nomination_hot_1685": "4188",
  "nomination_warm_0744": "4188",
  "nomination_cool_2443": "4188",
  "nomination_warm_1485": "4189",
  "nomination_warm_2590": "4189",
  "nomination_mild_0957": "4189",
  "nomination_cold_1765": "4188",
  "nomination_cool_1630": "4188",
  "nomination_mild_1969": "4188",
  "nomination_hot_2162": "4189",
  "nomination_cold_0736": "4188",
  "nomination_cool_2125": "4188",
  "nomination_cold_1026": "4188",
  "nomination_warm_1236": "4188",
  "nomination_cool_1296": "4188",
  "nomination_warm_1432": "4188",
  "nomination_cool_2472": "4188",
  "nomination_cold_2530": "4188",
  "nomination_cold_1133": "4188",
  "nomination_cool_2550": "4189",
  "nomination_warm_0470": "4189",
  "nomination_cold_0768": "4188",
  "nomination_warm_2637": "4189",
  "nomination_warm_2651": "4188",
  "nomination_cold_1858": "4188",
  "nomination_hot_2207": "4189",
  "nomination_warm_0903": "4188",
  "nomination_cold_1537": "4188",
  "nomination_cool_1014": "4188",
  "nomination_hot_2032": "4188",
  "nomination_warm_0569": "4188",
  "nomination_cold_1294": "4188",
  "nomination_warm_1035": "4189",
  "nomination_cold_1301": "4189",
  "nomination_cold_1411": "4188",
  "nomination_warm_2609": "4189",
  "nomination_hot_2566": "4188",
  "nomination_cold_0480": "4188",
  "nomination_cold_0181": "4188",
  "nomination_cool_0737": "4189",
  "nomination_cool_0365": "4188",
  "nomination_cold_1913": "4188",
  "nomination_cold_1037": "4188",
  "nomination_mild_1643": "4189",
  "nomination_mild_1393": "4189",
  "nomination_cool_1976": "4189",
  "nomination_cool_2707": "4188",
  "nomination_warm_1483": "4189",
  "nomination_hot_0616": "4188",
  "nomination_cold_2175": "4188",
  "nomination_hot_2718": "4189",
  "nomination_warm_2233": "4188",
  "nomination_cold_2034": "4188",
  "nomination_cool_2458": "4189",
  "nomination_hot_0672": "4188",
  "nomination_mild_2372": "4188",
  "nomination_warm_0208": "4188",
  "nomination_cold_0770": "4188",
  "nomination_cool_0591": "4188",
  "nomination_mild_1479": "4188",
  "nomination_cold_2417": "4188",
  "nomination_hot_2188": "3393",
  "nomination_cool_0861": "4189",
  "nomination_cool_0667": "4188",
  "nomination_cool_2112": "4189",
  "nomination_cool_0971": "4188",
  "nomination_cold_0339": "4188",
  "nomination_cool_2800": "4188",
  "nomination_hot_1201": "4188",
  "nomination_cool_1618": "4188",
  "nomination_mild_1558": "4189",
  "nomination_warm_1992": "4188",
  "nomination_warm_0223": "4189",
  "nomination_cool_0318": "4188",
  "nomination_hot_1608": "4189",
  "nomination_cold_2660": "4188",
  "nomination_warm_0230": "4189",
  "nomination_warm_2627": "4189",
  "nomination_cool_0005": "4189",
  "nomination_cold_1787": "4188",
  "nomination_mild_2030": "4189",
  "nomination_cool_1906": "4189",
  "nomination_cold_2258": "4188",
  "nomination_cold_2762": "4189",
  "nomination_hot_1298": "4189",
  "nomination_mild_2404": "4189",
  "nomination_hot_2645": "4188",
  "nomination_cool_2192": "4189",
  "nomination_warm_1233": "4188",
  "nomination_warm_1469": "4189",
  "nomination_cold_1490": "4188",
  "nomination_mild_1786": "4189",
  "nomination_warm_0700": "4188",
  "nomination_cool_0188": "4188",
  "nomination_cool_1938": "4188",
  "nomination_cold_1724": "4188",
  "nomination_cold_2814": "4188",
  "nomination_cold_2747": "4188",
  "nomination_cold_0566": "4188",
  "nomination_cool_2111": "4188",
  "nomination_cool_2128": "4188",
  "nomination_warm_2228": "4189",
  "nomination_cold_2794": "4188",
  "nomination_mild_1871": "4189",
  "nomination_warm_0329": "4189",
  "nomination_cold_2478": "4188",
  "nomination_mild_1425": "4188",
  "nomination_cool_1509": "4188",
  "nomination_cool_0513": "4188",
  "nomination_warm_2524": "4188",
  "nomination_cold_2041": "4188",
  "nomination_warm_2292": "4189",
  "nomination_mild_1795": "4189",
  "nomination_warm_2750": "4189",
  "nomination_cold_2698": "4188",
  "nomination_cool_1970": "4189",
  "nomination_cool_2379": "4188",
  "nomination_warm_0193": "4189",
  "nomination_mild_2023": "4189",
  "nomination_cool_2314": "4189",
  "nomination_hot_0926": "4188",
  "nomination_cold_2209": "4188",
  "nomination_mild_0807": "4189",
  "nomination_hot_1653": "4188",
  "nomination_warm_1323": "4189",
  "nomination_warm_0457": "4189",
  "nomination_hot_2823": "4189",
  "nomination_warm_0560": "4189",
  "nomination_warm_1430": "4188",
  "nomination_cold_2186": "4188",
  "nomination_hot_0867": "4188",
  "nomination_warm_1782": "4189",
  "nomination_mild_0402": "4188",
  "nomination_warm_2592": "4188",
  "nomination_warm_1926": "4189",
  "nomination_cold_2273": "4188",
  "nomination_mild_1242": "4188",
  "nomination_mild_0961": "4188",
  "nomination_warm_1606": "4189",
  "nomination_cold_1931": "4188",
  "nomination_hot_2082": "4188",
  "nomination_cool_2195": "4188",
  "nomination_hot_0685": "4189",
  "nomination_cool_1371": "4188",
  "nomination_warm_0929": "4189",
  "nomination_warm_1076": "4189",
  "nomination_warm_1135": "4189",
  "nomination_warm_1211": "4189",
  "nomination_cool_2037": "4188",
  "nomination_cool_0455": "4188",
  "nomination_cold_2310": "4188",
  "nomination_cold_0843": "4188",
  "nomination_hot_2177": "4189",
  "nomination_cool_0784": "4188",
  "nomination_cool_0946": "4188",
  "nomination_cold_2215": "4188",
  "nomination_mild_2357": "4188",
  "nomination_cool_2370": "4188",
  "nomination_warm_1116": "4188",
  "nomination_hot_0713": "4189",
  "nomination_cold_2782": "4188",
  "nomination_cold_0833": "4188",
  "nomination_mild_2758": "4189",
  "nomination_cold_0854": "4188",
  "nomination_hot_0196": "4189",
  "nomination_warm_2480": "4189",
  "nomination_cold_1572": "4188",
  "nomination_cold_0133": "4188",
  "nomination_cold_1102": "4188",
  "nomination_cold_0218": "4188",
  "nomination_mild_0576": "4188",
  "nomination_warm_1268": "4188",
  "nomination_warm_0857": "4189",
  "nomination_warm_0265": "4189",
  "nomination_hot_1020": "4188",
  "nomination_mild_1260": "4189",
  "nomination_hot_1054": "4189",
  "nomination_cold_0856": "4188",
  "nomination_cool_0132": "4189",
  "nomination_cold_0369": "4188",
  "nomination_hot_0517": "4188",
  "nomination_cool_2274": "4188",
  "nomination_hot_1929": "4189",
  "nomination_warm_1217": "4189",
  "nomination_warm_2178": "4188",
  "nomination_warm_1383": "4189",
  "nomination_cold_2427": "4188",
  "nomination_cool_1122": "4189",
  "nomination_mild_2044": "4189",
  "nomination_cool_2606": "4188",
  "nomination_warm_1850": "4188",
  "nomination_warm_0237": "4188",
  "nomination_hot_2323": "4188",
  "nomination_warm_2147": "4188",
  "nomination_hot_1001": "4188",
  "nomination_cold_2817": "4188",
  "nomination_mild_2468": "4188",
  "nomination_warm_1609": "4189",
  "nomination_cold_1017": "4188",
  "nomination_hot_0045": "4189",
  "nomination_cold_2226": "4188",
  "nomination_cold_0259": "4188",
  "nomination_cool_0363": "4188",
  "nomination_hot_0415": "4189",
  "nomination_hot_1617": "4189",
  "nomination_cool_1861": "4188",
  "nomination_warm_2337": "4188",
  "nomination_warm_1822": "4189",
  "nomination_warm_0694": "4189",
  "nomination_cold_0607": "4188",
  "nomination_hot_2824": "4188",
  "nomination_cool_0027": "4188",
  "nomination_warm_1151": "4188",
  "nomination_mild_0392": "4188",
  "nomination_warm_2806": "4189",
  "nomination_mild_1844": "4189",
  "nomination_cold_0921": "4188",
  "nomination_mild_0404": "4188",
  "nomination_warm_0913": "4188",
  "nomination_hot_0750": "4188",
  "nomination_hot_2421": "4188",
  "nomination_warm_1180": "4188",
  "nomination_cold_1642": "4188",
  "nomination_cold_0019": "4188",
  "nomination_warm_1654": "4188",
  "nomination_hot_0682": "4188",
  "nomination_cold_2855": "4188",
  "nomination_mild_1399": "4189",
  "nomination_cool_2415": "4188",
  "nomination_cold_2297": "4188",
  "nomination_cold_1737": "4188",
  "nomination_cold_2543": "4188",
  "nomination_cool_0276": "4188",
  "nomination_mild_0580": "4188",
  "nomination_mild_1314": "4189",
  "nomination_cold_0055": "4188",
  "nomination_mild_2285": "4189",
  "nomination_mild_0108": "4188",
  "nomination_warm_0757": "4188",
  "nomination_cool_1668": "4189",
  "nomination_warm_2107": "4189",
  "nomination_warm_0326": "4189",
  "nomination_cold_2391": "4188",
  "nomination_cool_0605": "4188",
  "nomination_cool_0787": "4189",
  "nomination_cold_2046": "4188",
  "nomination_cool_2473": "4188",
  "nomination_warm_1984": "4188",
  "nomination_mild_0331": "4188",
  "nomination_mild_0147": "4188",
  "nomination_cool_0684": "4188",
  "nomination_cold_2418": "4188",
  "nomination_hot_0016": "4188",
  "nomination_mild_1601": "4188",
  "nomination_cool_2393": "4188",
  "nomination_mild_0246": "4188",
  "nomination_cool_2096": "4188",
  "nomination_hot_1890": "4189",
  "nomination_warm_1330": "4189",
  "nomination_mild_1279": "4188",
  "nomination_warm_2462": "4188",
  "nomination_mild_1280": "4188",
  "nomination_cold_1176": "4188",
  "nomination_cold_1621": "4188",
  "nomination_hot_1935": "4188",
  "nomination_cold_2095": "4188",
  "nomination_warm_1333": "4188",
  "nomination_hot_1431": "4189",
  "nomination_cool_1599": "4188",
  "nomination_cold_0968": "4188",
  "nomination_cold_0627": "4188",
  "nomination_cool_1008": "4188",
  "nomination_cold_2791": "4188",
  "nomination_warm_1034": "4188"
}
