{
  "nodes": {
    "24": {
      "name": "exit05",
      "x_coord": 125.0,
      "min_pressure": 3.0e6,
      "id": 24,
      "max_pressure": 7.0e6,
      "elevation": 200.0,
      "y_coord": 100.0
    },
    "4": {
      "name": "N05a",
      "x_coord": 75.0,
      "min_pressure": 3.0e6,
      "id": 4,
      "max_pressure": 7.0e6,
      "elevation": 200.0,
      "y_coord": 300.0
    },
    "1": {
      "name": "N01",
      "x_coord": -100.0,
      "min_pressure": 3.0e6,
      "id": 1,
      "max_pressure": 7.0e6,
      "elevation": 200.0,
      "y_coord": 300.0
    },
    "12": {
      "name": "N101",
      "x_coord": -150.0,
      "min_pressure": 3.0e6,
      "id": 12,
      "max_pressure": 7.0e6,
      "elevation": 200.0,
      "y_coord": 300.0
    },
    "20": {
      "name": "exit01",
      "x_coord": 250.0,
      "min_pressure": 3.0e6,
      "id": 20,
      "max_pressure": 7.0e6,
      "elevation": 200.0,
      "y_coord": 400.0
    },
    "2": {
      "name": "N04",
      "x_coord": -50.0,
      "min_pressure": 3.0e6,
      "id": 2,
      "max_pressure": 7.0e6,
      "elevation": 200.0,
      "y_coord": 300.0
    },
    "6": {
      "name": "N05c",
      "x_coord": 125.0,
      "min_pressure": 3.0e6,
      "id": 6,
      "max_pressure": 7.0e6,
      "elevation": 200.0,
      "y_coord": 400.0
    },
    "23": {
      "name": "exit04",
      "x_coord": 700.0,
      "min_pressure": 3.0e6,
      "id": 23,
      "max_pressure": 7.0e6,
      "elevation": 200.0,
      "y_coord": 200.0
    },
    "22": {
      "name": "exit03",
      "x_coord": 700.0,
      "min_pressure": 3.0e6,
      "id": 22,
      "max_pressure": 7.0e6,
      "elevation": 200.0,
      "y_coord": 400.0
    },
    "11": {
      "name": "N10",
      "x_coord": 425.0,
      "min_pressure": 3.0e6,
      "id": 11,
      "max_pressure": 7.0e6,
      "elevation": 200.0,
      "y_coord": 400.0
    },
    "13": {
      "name": "N11",
      "x_coord": 425.0,
      "min_pressure": 3.0e6,
      "id": 13,
      "max_pressure": 7.0e6,
      "elevation": 200.0,
      "y_coord": 200.0
    },
    "5": {
      "name": "N05b",
      "x_coord": 175.0,
      "min_pressure": 3.0e6,
      "id": 5,
      "max_pressure": 7.0e6,
      "elevation": 200.0,
      "y_coord": 300.0
    },
    "15": {
      "name": "N13",
      "x_coord": 500.0,
      "min_pressure": 3.0e6,
      "id": 15,
      "max_pressure": 7.0e6,
      "elevation": 200.0,
      "y_coord": 300.0
    },
    "16": {
      "name": "N16",
      "x_coord": 575.0,
      "min_pressure": 3.0e6,
      "id": 16,
      "max_pressure": 7.0e6,
      "elevation": 200.0,
      "y_coord": 300.0
    },
    "14": {
      "name": "N12",
      "x_coord": 425.0,
      "min_pressure": 3.0e6,
      "id": 14,
      "max_pressure": 7.0e6,
      "elevation": 200.0,
      "y_coord": 100.0
    },
    "21": {
      "name": "exit02",
      "x_coord": 500.0,
      "min_pressure": 2.0e6,
      "id": 21,
      "max_pressure": 3.5e6,
      "elevation": 200.0,
      "y_coord": 100.0
    },
    "7": {
      "name": "N05d",
      "x_coord": 125.0,
      "min_pressure": 3.0e6,
      "id": 7,
      "max_pressure": 7.0e6,
      "elevation": 200.0,
      "y_coord": 200.0
    },
    "8": {
      "name": "N06",
      "x_coord": 250.0,
      "min_pressure": 3.0e6,
      "id": 8,
      "max_pressure": 7.0e6,
      "elevation": 200.0,
      "y_coord": 300.0
    },
    "17": {
      "name": "entry01",
      "x_coord": -200.0,
      "min_pressure": 3.0e6,
      "id": 17,
      "max_pressure": 7.0e6,
      "elevation": 200.0,
      "y_coord": 300.0
    },
    "19": {
      "name": "entry03",
      "x_coord": -100.0,
      "min_pressure": 3.0e6,
      "id": 19,
      "max_pressure": 7.0e6,
      "elevation": 200.0,
      "y_coord": 500.0
    },
    "10": {
      "name": "N09",
      "x_coord": 350.0,
      "min_pressure": 3.0e6,
      "id": 10,
      "max_pressure": 7.0e6,
      "elevation": 200.0,
      "y_coord": 300.0
    },
    "18": {
      "name": "entry02",
      "x_coord": -100.0,
      "min_pressure": 3.0e6,
      "id": 18,
      "max_pressure": 7.0e6,
      "elevation": 200.0,
      "y_coord": 400.0
    },
    "9": {
      "name": "N08",
      "x_coord": 300.0,
      "min_pressure": 3.0e6,
      "id": 9,
      "max_pressure": 7.0e6,
      "elevation": 200.0,
      "y_coord": 300.0
    },
    "3": {
      "name": "N05",
      "x_coord": 0.0,
      "min_pressure": 3.0e6,
      "id": 3,
      "max_pressure": 7.0e6,
      "elevation": 200.0,
      "y_coord": 300.0
    }
  },
  "short_pipes": {
    "1": {
      "name": "Conn01",
      "to_node": 1,
      "max_flow": 157.0,
      "id": 1,
      "fr_node": 18,
      "min_flow": 0.0
    }
  },
  "valves": {},
  "receipts": {
    "1": {
      "name": "entry01",
      "id": 1,
      "node_id": 17
    },
    "2": {
      "name": "entry02",
      "id": 2,
      "node_id": 18
    },
    "3": {
      "name": "entry03",
      "id": 3,
      "node_id": 19
    }
  },
  "pipes": {
    "4": {
      "friction_factor": 0.008195053331140456,
      "diameter": 0.9,
      "min_flow": 0.0,
      "length": 30000.0,
      "name": "L07b",
      "min_pressure": 3.0e6,
      "to_node": 6,
      "max_flow": 353.25,
      "id": 4,
      "max_pressure": 7.0e6,
      "fr_node": 4
    },
    "1": {
      "friction_factor": 0.007942431709265526,
      "diameter": 1.1,
      "min_flow": 0.0,
      "length": 50000.0,
      "name": "L01",
      "min_pressure": 3.0e6,
      "to_node": 12,
      "max_flow": 160.925,
      "id": 1,
      "max_pressure": 7.0e6,
      "fr_node": 17
    },
    "12": {
      "friction_factor": 0.007942431709265526,
      "diameter": 1.1,
      "min_flow": 0.0,
      "length": 50000.0,
      "name": "L102",
      "min_pressure": 3.0e6,
      "to_node": 24,
      "max_flow": 160.925,
      "id": 12,
      "max_pressure": 7.0e6,
      "fr_node": 7
    },
    "2": {
      "friction_factor": 0.007203268946995266,
      "diameter": 2.1,
      "min_flow": 0.0,
      "length": 10.0,
      "name": "L04",
      "min_pressure": 3.0e6,
      "to_node": 2,
      "max_flow": 317.925,
      "id": 2,
      "max_pressure": 7.0e6,
      "fr_node": 1
    },
    "6": {
      "friction_factor": 0.008195053331140456,
      "diameter": 0.9,
      "min_flow": 0.0,
      "length": 30000.0,
      "name": "L07d",
      "min_pressure": 3.0e6,
      "to_node": 5,
      "max_flow": 353.25,
      "id": 6,
      "max_pressure": 7.0e6,
      "fr_node": 6
    },
    "11": {
      "friction_factor": 0.007942431709265526,
      "diameter": 1.1,
      "min_flow": 0.0,
      "length": 50000.0,
      "name": "L101",
      "min_pressure": 3.0e6,
      "to_node": 18,
      "max_flow": 160.925,
      "id": 11,
      "max_pressure": 7.0e6,
      "fr_node": 19
    },
    "13": {
      "friction_factor": 0.008435173135683757,
      "diameter": 0.9,
      "min_flow": 0.0,
      "length": 100000.0,
      "name": "L12",
      "min_pressure": 3.0e6,
      "to_node": 11,
      "max_flow": 126.4722,
      "id": 13,
      "max_pressure": 7.0e6,
      "fr_node": 10
    },
    "5": {
      "friction_factor": 0.008195053331140456,
      "diameter": 0.9,
      "min_flow": 0.0,
      "length": 30000.0,
      "name": "L07c",
      "min_pressure": 3.0e6,
      "to_node": 7,
      "max_flow": 353.25,
      "id": 5,
      "max_pressure": 7.0e6,
      "fr_node": 4
    },
    "15": {
      "friction_factor": 0.00851262712903873,
      "diameter": 0.85,
      "min_flow": 0.0,
      "length": 100000.0,
      "name": "L14",
      "min_pressure": 3.0e6,
      "to_node": 13,
      "max_flow": 117.75,
      "id": 15,
      "max_pressure": 7.0e6,
      "fr_node": 10
    },
    "16": {
      "friction_factor": 0.00851262712903873,
      "diameter": 0.85,
      "min_flow": 0.0,
      "length": 50000.0,
      "name": "L15",
      "min_pressure": 3.0e6,
      "to_node": 15,
      "max_flow": 78.5,
      "id": 16,
      "max_pressure": 7.0e6,
      "fr_node": 13
    },
    "14": {
      "friction_factor": 0.008435173135683757,
      "diameter": 0.9,
      "min_flow": 0.0,
      "length": 50000.0,
      "name": "L13",
      "min_pressure": 3.0e6,
      "to_node": 15,
      "max_flow": 117.75,
      "id": 14,
      "max_pressure": 7.0e6,
      "fr_node": 11
    },
    "7": {
      "friction_factor": 0.008195053331140456,
      "diameter": 0.9,
      "min_flow": 0.0,
      "length": 30000.0,
      "name": "L07e",
      "min_pressure": 3.0e6,
      "to_node": 5,
      "max_flow": 353.25,
      "id": 7,
      "max_pressure": 7.0e6,
      "fr_node": 7
    },
    "8": {
      "friction_factor": 0.008195053331140456,
      "diameter": 0.9,
      "min_flow": 0.0,
      "length": 30000.0,
      "name": "L07f",
      "min_pressure": 3.0e6,
      "to_node": 8,
      "max_flow": 353.25,
      "id": 8,
      "max_pressure": 7.0e6,
      "fr_node": 5
    },
    "17": {
      "friction_factor": 0.009008519475807528,
      "diameter": 0.5,
      "min_flow": 0.0,
      "length": 30000.0,
      "name": "L16",
      "min_pressure": 2.0e6,
      "to_node": 21,
      "max_flow": 39.25,
      "id": 17,
      "max_pressure": 7.0e6,
      "fr_node": 14
    },
    "10": {
      "friction_factor": 0.008195053331140456,
      "diameter": 0.9,
      "min_flow": 0.0,
      "length": 30000.0,
      "name": "L09",
      "min_pressure": 3.0e6,
      "to_node": 9,
      "max_flow": 235.5,
      "id": 10,
      "max_pressure": 7.0e6,
      "fr_node": 8
    },
    "19": {
      "friction_factor": 0.007942431709265526,
      "diameter": 1.1,
      "min_flow": 0.0,
      "length": 50000.0,
      "name": "L20",
      "min_pressure": 3.0e6,
      "to_node": 23,
      "max_flow": 92.6736,
      "id": 19,
      "max_pressure": 7.0e6,
      "fr_node": 16
    },
    "9": {
      "friction_factor": 0.008195053331140456,
      "diameter": 0.9,
      "min_flow": 0.0,
      "length": 30000.0,
      "name": "L08",
      "min_pressure": 3.0e6,
      "to_node": 20,
      "max_flow": 92.6736,
      "id": 9,
      "max_pressure": 7.0e6,
      "fr_node": 8
    },
    "18": {
      "friction_factor": 0.007942431709265526,
      "diameter": 1.1,
      "min_flow": 0.0,
      "length": 50000.0,
      "name": "L19",
      "min_pressure": 3.0e6,
      "to_node": 22,
      "max_flow": 92.6736,
      "id": 18,
      "max_pressure": 7.0e6,
      "fr_node": 16
    },
    "3": {
      "friction_factor": 0.008195053331140456,
      "diameter": 0.9,
      "min_flow": 0.0,
      "length": 30000.0,
      "name": "L07a",
      "min_pressure": 3.0e6,
      "to_node": 4,
      "max_flow": 353.25,
      "id": 3,
      "max_pressure": 7.0e6,
      "fr_node": 3
    }
  },
  "resistors": {
    "1": {
      "name": "re01",
      "drag": 5.40999984741211,
      "to_node": 1,
      "max_flow": 654.1667,
      "id": 1,
      "diameter": 0.9,
      "fr_node": 12,
      "min_flow": 0.0
    }
  },
  "loss_resistors": {},
  "compressors": {
    "1": {
      "min_flow": 0.0,
      "name": "CS1",
      "to_node": 3,
      "max_flow": 457.9167,
      "max_c_ratio": 2.057142857142857,
      "id": 1,
      "min_c_ratio": 1.0,
      "fuel_node": 3,
      "internal_bypass_required": 1,
      "max_power": 4.390915754066629e8,
      "fr_node": 2
    },
    "2": {
      "min_flow": 0.0,
      "name": "CS2",
      "to_node": 10,
      "max_flow": 457.9167,
      "max_c_ratio": 2.3333333333333335,
      "id": 2,
      "min_c_ratio": 1.0,
      "fuel_node": 10,
      "internal_bypass_required": 1,
      "max_power": 5.232293167342056e8,
      "fr_node": 9
    },
    "3": {
      "min_flow": 0.0,
      "name": "CS3",
      "to_node": 16,
      "max_flow": 457.9167,
      "max_c_ratio": 2.166666666666667,
      "id": 3,
      "min_c_ratio": 1.0,
      "fuel_node": 16,
      "internal_bypass_required": 1,
      "max_power": 4.7345127134319186e8,
      "fr_node": 15
    }
  },
  "control_valves": {
    "1": {
      "name": "CV01",
      "to_node": 14,
      "max_flow": 218.0556,
      "id": 1,
      "min_pressure_differential": 0.0,
      "max_pressure_differential": 1.0e6,
      "internal_bypass_required": 1,
      "fr_node": 13,
      "min_flow": 0.0
    }
  },
  "deliveries": {
    "4": {
      "name": "exit04",
      "id": 4,
      "node_id": 23
    },
    "1": {
      "name": "exit01",
      "id": 1,
      "node_id": 20
    },
    "5": {
      "name": "exit05",
      "id": 5,
      "node_id": 24
    },
    "2": {
      "name": "exit02",
      "id": 2,
      "node_id": 21
    },
    "3": {
      "name": "exit03",
      "id": 3,
      "node_id": 22
    }
  }
}
